depth_mm,B_OPM_pT,B_SQUID_pT,SNR_SQUID,SNR_OPM_eta1.1,SNR_OPM_eta2.5,SNR_OPM_eta3,SNR_OPM_eta4,SNR_OPM_eta6
15.000,4.70075,0.885503,2.49734,12.0521,5.30292,4.4191,3.31432,2.20955
15.800,4.2146,0.839476,2.36753,10.8057,4.75449,3.96208,2.97156,1.98104
16.600,3.79792,0.79668,2.24684,9.73736,4.28444,3.57037,2.67777,1.78518
17.400,3.43816,0.756821,2.13442,8.81499,3.87859,3.23216,2.42412,1.61608
18.200,3.12547,0.719639,2.02956,8.01327,3.52584,2.9382,2.20365,1.4691
19.000,2.85202,0.684902,1.9316,7.31218,3.21736,2.68113,2.01085,1.34057
19.800,2.61155,0.652403,1.83994,6.69567,2.9461,2.45508,1.84131,1.22754
20.600,2.39902,0.621954,1.75407,6.15075,2.70633,2.25527,1.69146,1.12764
21.400,2.21027,0.59339,1.67351,5.66682,2.4934,2.07784,1.55838,1.03892
22.200,2.04191,0.566559,1.59784,5.23519,2.30348,1.91957,1.43968,0.959785
23.000,1.89114,0.541324,1.52667,4.84863,2.1334,1.77783,1.33337,0.888915
23.800,1.7556,0.517563,1.45966,4.50113,1.9805,1.65041,1.23781,0.825207
24.600,1.63333,0.495165,1.39649,4.18764,1.84256,1.53547,1.1516,0.767734
25.400,1.52267,0.474028,1.33688,3.90391,1.71772,1.43143,1.07357,0.715716
26.200,1.42219,0.45406,1.28056,3.6463,1.60437,1.33698,1.00273,0.668489
27.000,1.33071,0.435178,1.22731,3.41175,1.50117,1.25098,0.938231,0.625488
27.800,1.24718,0.417303,1.1769,3.1976,1.40694,1.17245,0.87934,0.586227
28.600,1.17072,0.400368,1.12914,3.00158,1.32069,1.10058,0.825433,0.550289
29.400,1.10057,0.384307,1.08384,2.82171,1.24155,1.03463,0.775969,0.517313
30.200,1.03604,0.369062,1.04085,2.65628,1.16876,0.973969,0.730477,0.486984
31.000,0.976574,0.354578,1,2.5038,1.10167,0.918062,0.688546,0.459031
31.800,0.921647,0.340807,0.961162,2.36298,1.03971,0.866425,0.649819,0.433213
32.600,0.870815,0.327703,0.924204,2.23265,0.982367,0.818639,0.613979,0.40932
33.400,0.823687,0.315223,0.889007,2.11182,0.929201,0.774334,0.580751,0.387167
34.200,0.779913,0.303328,0.855462,1.99959,0.87982,0.733183,0.549887,0.366591
35.000,0.739186,0.291984,0.823467,1.89517,0.833875,0.694896,0.521172,0.347448
35.800,0.701232,0.281155,0.792928,1.79786,0.79106,0.659216,0.494412,0.329608
36.600,0.665807,0.270812,0.763758,1.70704,0.751097,0.625914,0.469436,0.312957
37.400,0.632694,0.260926,0.735877,1.62214,0.713742,0.594785,0.446089,0.297393
38.200,0.601697,0.251471,0.70921,1.54267,0.678775,0.565646,0.424234,0.282823
39.000,0.572642,0.242421,0.683688,1.46818,0.645997,0.538331,0.403748,0.269165
39.800,0.54537,0.233754,0.659244,1.39825,0.615232,0.512693,0.38452,0.256347
40.600,0.51974,0.225448,0.63582,1.33254,0.586318,0.488599,0.366449,0.244299
41.400,0.495623,0.217484,0.613359,1.27071,0.559112,0.465927,0.349445,0.232963
42.200,0.472904,0.209842,0.591808,1.21246,0.533483,0.444569,0.333427,0.222284
43.000,0.451476,0.202506,0.571119,1.15752,0.509311,0.424425,0.318319,0.212213
43.800,0.431245,0.195459,0.551245,1.10565,0.486488,0.405407,0.304055,0.202703
44.600,0.412124,0.188686,0.532143,1.05663,0.464917,0.387431,0.290573,0.193715
45.400,0.394032,0.182173,0.513773,1.01024,0.444507,0.370423,0.277817,0.185211
46.200,0.376897,0.175906,0.496098,0.966312,0.425177,0.354314,0.265736,0.177157
47.000,0.360653,0.169872,0.479082,0.924665,0.406853,0.339044,0.254283,0.169522
47.800,0.345239,0.164061,0.462692,0.885146,0.389464,0.324554,0.243415,0.162277
48.600,0.3306,0.15846,0.446897,0.847613,0.37295,0.310791,0.233094,0.155396
49.400,0.316683,0.153059,0.431666,0.811933,0.357251,0.297709,0.223282,0.148854
50.200,0.303443,0.14785,0.416973,0.777986,0.342314,0.285262,0.213946,0.142631
51.000,0.290835,0.142821,0.402791,0.745661,0.328091,0.273409,0.205057,0.136705
51.800,0.278819,0.137965,0.389096,0.714854,0.314536,0.262113,0.196585,0.131057
52.600,0.267358,0.133274,0.375865,0.685471,0.301607,0.251339,0.188504,0.12567
53.400,0.256419,0.128738,0.363075,0.657423,0.289266,0.241055,0.180791,0.120528
54.200,0.245968,0.124353,0.350706,0.630629,0.277477,0.231231,0.173423,0.115615
55.000,0.235978,0.120109,0.338738,0.605015,0.266206,0.221839,0.166379,0.110919
55.800,0.226419,0.116001,0.327152,0.580508,0.255424,0.212853,0.15964,0.106427
56.600,0.217268,0.112023,0.315932,0.557046,0.2451,0.20425,0.153188,0.102125
57.400,0.2085,0.108168,0.30506,0.534565,0.235209,0.196007,0.147005,0.0980037
58.200,0.200093,0.104431,0.29452,0.513012,0.225725,0.188104,0.141078,0.0940521
59.000,0.192027,0.100806,0.284298,0.492331,0.216626,0.180521,0.135391,0.0902607
59.800,0.184283,0.0972891,0.27438,0.472475,0.207889,0.173241,0.129931,0.0866205
60.600,0.176842,0.0938749,0.264751,0.453398,0.199495,0.166246,0.124684,0.0831229
61.400,0.169687,0.0905587,0.255398,0.435056,0.191424,0.15952,0.11964,0.0797602
62.200,0.162804,0.0873363,0.24631,0.417408,0.18366,0.15305,0.114787,0.0765248
63.000,0.156178,0.0842035,0.237475,0.400418,0.176184,0.14682,0.110115,0.07341
63.800,0.149793,0.0811563,0.228881,0.38405,0.168982,0.140818,0.105614,0.0704091
64.600,0.143638,0.078191,0.220518,0.36827,0.162039,0.135032,0.101274,0.0675161
65.400,0.137701,0.0753038,0.212376,0.353046,0.15534,0.12945,0.0970878,0.0647252
66.200,0.131969,0.0724914,0.204444,0.338351,0.148874,0.124062,0.0930464,0.0620309
67.000,0.126432,0.0697505,0.196714,0.324154,0.142628,0.118857,0.0891424,0.0594283
67.800,0.121079,0.0670778,0.189176,0.310431,0.13659,0.113825,0.0853686,0.0569124
68.600,0.115902,0.0644703,0.181822,0.297157,0.130749,0.108957,0.0817181,0.0544787
69.400,0.11089,0.061925,0.174644,0.284307,0.125095,0.104246,0.0781844,0.0521229
70.200,0.106035,0.0594393,0.167634,0.27186,0.119618,0.0996818,0.0747614,0.0498409
71.000,0.101329,0.0570102,0.160783,0.259794,0.114309,0.0952577,0.0714433,0.0476289
71.800,0.0967639,0.0546354,0.154085,0.248089,0.109159,0.0909661,0.0682246,0.0454831
72.600,0.0923322,0.0523122,0.147533,0.236727,0.10416,0.0868,0.0651,0.0434
73.400,0.0880271,0.0500382,0.14112,0.225689,0.0993033,0.0827528,0.0620646,0.0413764
74.200,0.0838416,0.0478111,0.134839,0.214958,0.0945817,0.0788181,0.0591135,0.039409
75.000,0.0797693,0.0456285,0.128684,0.204518,0.0899878,0.0749898,0.0562423,0.0374949
75.800,0.0758041,0.0434885,0.122648,0.194351,0.0855146,0.0712622,0.0534466,0.0356311
76.600,0.0719401,0.0413887,0.116726,0.184445,0.0811556,0.0676297,0.0507223,0.0338148
77.400,0.0681716,0.0393271,0.110912,0.174783,0.0769043,0.064087,0.0480652,0.0320435
78.200,0.0644931,0.0373017,0.1052,0.165352,0.0727547,0.0606289,0.0454717,0.0303144
79.000,0.0608995,0.0353106,0.0995848,0.156138,0.0687007,0.0572506,0.0429379,0.0286253
79.800,0.0573856,0.0333519,0.0940607,0.147129,0.0647367,0.0539473,0.0404604,0.0269736
80.600,0.0539466,0.0314236,0.0886226,0.138312,0.0608572,0.0507143,0.0380358,0.0253572
81.400,0.0505779,0.0295241,0.0832653,0.129675,0.0570569,0.0475474,0.0356606,0.0237737
82.200,0.0472747,0.0276514,0.0779839,0.121206,0.0533306,0.0444422,0.0333316,0.0222211
83.000,0.0440327,0.0258039,0.0727734,0.112894,0.0496733,0.0413944,0.0310458,0.0206972
83.800,0.0408475,0.0239798,0.067629,0.104727,0.0460801,0.0384001,0.0288001,0.0192
84.600,0.037715,0.0221775,0.062546,0.096696,0.0425463,0.0354552,0.0265914,0.0177276
85.400,0.0346309,0.0203952,0.0575197,0.088789,0.0390671,0.032556,0.024417,0.016278
86.200,0.0315913,0.0186315,0.0525454,0.0809959,0.0356382,0.0296985,0.0222739,0.0148492
87.000,0.0285923,0.0168846,0.0476188,0.0733067,0.032255,0.0268791,0.0201594,0.0134396
87.800,0.0256299,0.015153,0.0427351,0.0657115,0.0289131,0.0240942,0.0180707,0.0120471
88.600,0.0227003,0.013435,0.0378902,0.0582004,0.0256082,0.0213401,0.0160051,0.0106701
89.400,0.0197997,0.0117292,0.0330794,0.0507637,0.022336,0.0186133,0.01396,0.00930667
90.200,0.0169244,0.010034,0.0282985,0.0433919,0.0190924,0.0159104,0.0119328,0.00795518
91.000,0.0140708,0.0083479,0.0235432,0.0360756,0.0158733,0.0132277,0.00992078,0.00661385
91.800,0.0112351,0.0066693,0.0188091,0.0288053,0.0126743,0.010562,0.00792147,0.00528098
92.600,0.00841381,0.00499672,0.014092,0.0215719,0.00949163,0.00790969,0.00593227,0.00395484
93.400,0.00560325,0.00332864,0.0093876,0.014366,0.00632103,0.00526752,0.00395064,0.00263376
94.200,0.00279984,0.00166357,0.00469169,0.0071784,0.0031585,0.00263208,0.00197406,0.00131604
