event,location,family,strength_nAm,array,coreg_draw,detected,dspm_error_mm,dspm_peak,support,ecd_error_mm,ecd_error_sensor_frame_mm,coreg_displacement_mm,ecd_gof,ecd_conf_vol_mm3,ecd_khi2_per_dof,depth_mm
0,0,focal,80.0,squid,0,False,20.027026709830793,3.1689691128284467,nan,116.37708206547417,116.84279960067411,4.11445683181716,4.204625627087972,21089.71523694183,0.9586461152078569,10.484150786268552
0,0,focal,80.0,opm_matched,0,True,5.539576331136512,8.528380964067054,nan,6.021514724861876,4.959548542289504,4.11445683181716,52.76334170879187,23560.486990158595,0.9671023380996061,10.484150786268552
0,0,focal,80.0,opm_dense,0,True,6.138785860287126,8.009969677636718,nan,1.9854527680427305,3.15186253099056,4.11445683181716,37.39608160510578,1662.292927753927,0.9602518646579977,10.484150786268552
1,0,focal,320.0,squid,0,True,20.027026709830793,11.140277678754005,nan,1.766794078974993,2.545914470996072,4.11445683181716,46.11261800732996,230.8424903162265,1.0671504765458046,10.484150786268552
1,0,focal,320.0,opm_matched,0,True,6.138785860287126,36.46704363473324,nan,3.951064737832951,2.7766765732132233,4.11445683181716,96.49050629528044,158.43956133257714,0.7018489373350532,10.484150786268552
1,0,focal,320.0,opm_dense,0,True,6.138785860287126,36.52081543622318,nan,3.535671880582629,2.0311902572464318,4.11445683181716,91.00903618633116,25.39034451417126,1.0772109748196241,10.484150786268552
2,0,patch,80.0,squid,0,True,18.345847651150724,4.554229906061364,0.1111111111111111,6.13565200435432,2.6742348267303395,4.11445683181716,9.243035841620397,3989.196053445998,0.9747589032674733,10.484150786268552
2,0,patch,80.0,opm_matched,0,True,13.430910006534857,5.5253535136700345,0.3333333333333333,4.546366435084792,5.9463773581384824,4.11445683181716,27.717393708437925,4781.604534584764,1.1871250789244,10.484150786268552
2,0,patch,80.0,opm_dense,0,True,11.784382890453145,5.324043249497813,0.2222222222222222,7.298323138504971,5.313745809447923,4.11445683181716,21.467810495388637,1630.2893235576412,1.1411845460727037,10.484150786268552
3,0,patch,320.0,squid,0,True,18.345847651150724,9.917494038045968,0.1111111111111111,7.7818324327692165,3.9921215447453897,4.11445683181716,39.30438852500905,196.0224690149929,1.088630416751872,10.484150786268552
3,0,patch,320.0,opm_matched,0,True,6.138785860287126,18.780882056407076,0.2222222222222222,10.425408348240001,6.6443673266166074,4.11445683181716,85.11156659667404,128.30366842974084,0.9305558687907083,10.484150786268552
3,0,patch,320.0,opm_dense,0,True,12.783896438527822,18.723818288675844,0.2222222222222222,7.93443242975838,4.182781509148267,4.11445683181716,77.83559714914155,35.63727464537941,1.0833181579552345,10.484150786268552
4,1,focal,80.0,squid,1,False,10.319298996970598,4.165799533316169,nan,8.367846812313571,4.349167363856306,4.1216177493562975,9.423187003024388,3152.2810595412902,1.019932656004152,12.783665152057921
4,1,focal,80.0,opm_matched,1,True,3.733379123893125,7.120011958394632,nan,6.1593398589719275,3.951877781767985,4.1216177493562975,43.29220586941747,4532.841947403215,1.0025796224678736,12.783665152057921
4,1,focal,80.0,opm_dense,1,True,17.42794104042463,4.76579055164342,nan,25.49742355921437,25.806580542065653,4.1216177493562975,12.04428629256484,4911.309184729156,1.1565210282229688,12.783665152057921
5,1,focal,320.0,squid,1,True,17.42794104042463,17.36112926463381,nan,3.1602468911016874,1.0737596444005804,4.1216177493562975,73.25717349623483,19.272107094980772,0.9851713824737803,12.783665152057921
5,1,focal,320.0,opm_matched,1,True,3.733379123893125,32.33538419048096,nan,3.00022205704976,1.4812542884613304,4.1216177493562975,92.41540287846189,46.651246998599206,1.248983389417505,12.783665152057921
5,1,focal,320.0,opm_dense,1,True,3.733379123893125,24.131129319734754,nan,3.4417577419621566,1.0362718414297085,4.1216177493562975,87.08935888656897,4.559796906170146,1.1466531678053615,12.783665152057921
6,1,patch,80.0,squid,1,False,21.96503366983542,3.083573599415323,0.0,51.69692624806395,54.6043270257461,4.1216177493562975,3.037041851851618,37443.49380969256,0.9791190100611405,12.783665152057921
6,1,patch,80.0,opm_matched,1,False,21.96503366983542,3.4811628082534036,0.0,76.61567716906562,79.07351760218911,4.1216177493562975,14.25954180551488,104592.83421153009,0.9484754293748551,12.783665152057921
6,1,patch,80.0,opm_dense,1,False,22.93978268838032,3.5894996325477675,0.0,23.96066291771799,23.199678192428227,4.1216177493562975,6.582770027463808,12238.181590543365,1.0289849119722336,12.783665152057921
7,1,patch,320.0,squid,1,True,17.42794104042463,11.568747459722164,0.0,6.40278959577286,7.2077080635757165,4.1216177493562975,48.02661101063019,77.89805396047163,1.1166375949977596,12.783665152057921
7,1,patch,320.0,opm_matched,1,True,17.42794104042463,18.6524311793475,0.2857142857142857,4.0997131158371145,5.4397178635896255,4.1216177493562975,86.02802688032199,85.29252062303554,0.9512886234142072,12.783665152057921
7,1,patch,320.0,opm_dense,1,True,12.474106287556525,14.715841332088832,0.0,5.669027399900577,6.2924673602730925,4.1216177493562975,70.78920237156035,21.50128214885407,1.1501539431175745,12.783665152057921
8,2,focal,80.0,squid,2,True,12.564035566822104,4.584475476075599,nan,3.480150980590272,2.2419757726652825,2.2124631103489376,24.23420154654963,1492.271550695672,0.9312577808595849,16.16229476714734
8,2,focal,80.0,opm_matched,2,True,2.7776142295318884,13.333682949801759,nan,5.34501190241786,4.597316176502803,2.2124631103489376,76.57589518141378,1318.1418330589322,0.9124548909748524,16.16229476714734
8,2,focal,80.0,opm_dense,2,True,2.7776142295318884,14.363096959176845,nan,3.121854566103971,2.7428368811764092,2.2124631103489376,65.63981815411906,55.088105300680546,0.9967448410064789,16.16229476714734
9,2,focal,320.0,squid,2,True,2.7776142295318884,26.901076167447727,nan,3.063771144957587,1.1409832862294345,2.2124631103489376,85.31766283549119,13.891466806693593,1.1156611685309157,16.16229476714734
9,2,focal,320.0,opm_matched,2,True,2.7776142295318884,52.74395758287754,nan,3.9710513782698595,1.7868507481157043,2.2124631103489376,97.37817426301734,8.299286276558755,1.2323845994756752,16.16229476714734
9,2,focal,320.0,opm_dense,2,True,2.7776142295318884,53.813760348598485,nan,3.734408063832831,1.544127558897254,2.2124631103489376,95.97273693431298,1.0594997907005397,1.1907401374860065,16.16229476714734
10,2,patch,80.0,squid,2,True,9.146759561230663,6.592101082400634,0.2,6.7928048244802675,4.9040837895179585,2.2124631103489376,28.07685119900537,615.3462208521405,1.018861692585011,16.16229476714734
10,2,patch,80.0,opm_matched,2,True,12.564035566822104,11.57159780842395,0.3,5.705417290922555,3.930211589449435,2.2124631103489376,72.05285649448729,189.29508794876276,1.014041310033285,16.16229476714734
10,2,patch,80.0,opm_dense,2,True,11.168016118749016,11.20505692282504,0.3,4.013518729752953,1.8657811947469833,2.2124631103489376,64.30805030629318,65.08885925715659,0.9048416754121877,16.16229476714734
11,2,patch,320.0,squid,2,True,12.564035566822104,21.24059752560371,0.3,2.712133590523496,1.61496788733942,2.2124631103489376,79.97374111137088,18.828915942078282,1.1220729254339334,16.16229476714734
11,2,patch,320.0,opm_matched,2,True,12.564035566822104,39.09779123972731,0.3,2.025722760793061,1.193785784271647,2.2124631103489376,95.33112506201863,7.301913426083314,1.335556530582948,16.16229476714734
11,2,patch,320.0,opm_dense,2,True,11.168016118749016,37.833977169896926,0.3,2.434783835683578,0.5525810906221762,2.2124631103489376,93.021938783084,1.6994668364701502,1.425209430515356,16.16229476714734
12,3,focal,80.0,squid,3,True,12.70506968682429,12.42446880941152,nan,4.759987971374871,1.1129396771914268,4.13951867847574,56.57904096842575,117.87063903010363,0.927060333708489,11.66089233130405
12,3,focal,80.0,opm_matched,3,True,12.70506968682429,24.401247128177246,nan,4.3900683536176475,0.976943829465069,4.13951867847574,90.18350308874476,53.79886162663187,1.048815016439616,11.66089233130405
12,3,focal,80.0,opm_dense,3,True,12.70506968682429,21.326411089390888,nan,23.26255576898187,26.714876671767037,4.13951867847574,37.21363460752162,21.714440235309144,5.911114417224522,11.66089233130405
13,3,focal,320.0,squid,3,True,22.15630489635418,45.3911931345523,nan,3.514204180173078,0.6428950905164657,4.13951867847574,94.53021456595579,2.060723300312655,1.0410055954792015,11.66089233130405
13,3,focal,320.0,opm_matched,3,True,12.70506968682429,90.29770652755083,nan,4.069827776483835,0.8599625110944699,4.13951867847574,99.01078609103034,1.009632490866729,1.331419494750982,11.66089233130405
13,3,focal,320.0,opm_dense,3,True,10.03931605049078,84.53454074592248,nan,22.599865796323183,25.951241487071144,4.13951867847574,41.09808045451795,0.38587336950534834,76.32816895868056,11.66089233130405
14,3,patch,80.0,squid,3,False,88.52631318740175,2.661068531220103,0.0,63.75910581584632,60.69507728254639,4.13951867847574,5.421862041763299,10826.290403177876,0.8672205585309731,11.66089233130405
14,3,patch,80.0,opm_matched,3,False,12.824773557255085,3.3123083637331057,0.0,22.24000899288133,26.3529914925668,4.13951867847574,15.999940070641777,30326.498744081706,0.8376949164174694,11.66089233130405
14,3,patch,80.0,opm_dense,3,False,72.53346212449347,3.367347995957915,0.0,76.61163297889605,77.19729902382608,4.13951867847574,8.596549290493423,111419.87255742463,0.9363731797851333,11.66089233130405
15,3,patch,320.0,squid,3,False,28.4402773424665,3.9509380648028762,0.0,39.5108704156274,41.67186141354328,4.13951867847574,8.863712554851851,20400.637225806637,1.0674224330179691,11.66089233130405
15,3,patch,320.0,opm_matched,3,True,12.824773557255085,8.14863294421584,0.4,23.44748448035333,24.991364895670028,4.13951867847574,50.9218967413257,2666.1436723902607,0.9986000517517567,11.66089233130405
15,3,patch,320.0,opm_dense,3,True,12.824773557255085,8.251920666478034,0.2,19.26767551147101,20.56685651317639,4.13951867847574,37.373296837430864,791.7934765697162,1.2681037123332515,11.66089233130405
16,4,focal,80.0,squid,4,True,14.562081848030632,12.780785935984113,nan,6.9226558136015734,3.3652907557701015,3.61630823005487,45.47851291772708,165.34795803756194,0.9897604776586332,15.20367475855308
16,4,focal,80.0,opm_matched,4,True,14.562081848030632,12.868819896553477,nan,6.857241719944537,3.529770164367329,3.61630823005487,71.49940829659826,3013.2155524360937,0.8967735771762617,15.20367475855308
16,4,focal,80.0,opm_dense,4,True,10.403502267611223,16.859834927420938,nan,4.821298425320118,1.656806932038876,3.61630823005487,71.93362493662103,95.2254423400745,1.0397927619657665,15.20367475855308
17,4,focal,320.0,squid,4,True,14.562081848030632,51.8252617063617,nan,2.8630415851498983,0.7902059639626924,3.61630823005487,92.73685694366552,2.3864038354346087,1.055430922564623,15.20367475855308
17,4,focal,320.0,opm_matched,4,True,14.562081848030632,51.2761793093125,nan,3.404570284128185,0.37018398226785637,3.61630823005487,96.7033411471667,15.893087801001597,1.1978022646289235,15.20367475855308
17,4,focal,320.0,opm_dense,4,True,10.403502267611223,64.93905508243748,nan,3.643509537215092,0.1262253735770151,3.61630823005487,97.37032996169798,1.346966467684294,1.0357541784889774,15.20367475855308
18,4,patch,80.0,squid,4,True,16.927069072252873,4.967772451341009,0.0,10.4146828741723,12.22052916283272,3.61630823005487,8.889893995072311,3504.2772419688454,1.073229553674335,15.20367475855308
18,4,patch,80.0,opm_matched,4,True,14.562081848030632,4.317470578483172,0.0,19.637657847185046,21.941012048341232,3.61630823005487,21.816774384032236,13022.142114823433,1.0877086653823056,15.20367475855308
18,4,patch,80.0,opm_dense,4,True,10.403502267611223,7.4021521162679775,0.4444444444444444,6.703647796429832,4.130403064709733,3.61630823005487,25.33550534922582,1377.7523597326451,1.3270260048914158,15.20367475855308
19,4,patch,320.0,squid,4,True,16.927069072252873,25.339758634775222,0.1111111111111111,7.973345037750922,6.75524484945262,3.61630823005487,76.21154835057418,41.771819958902746,1.0334501422798874,15.20367475855308
19,4,patch,320.0,opm_matched,4,True,14.562081848030632,24.11712431409465,0.1111111111111111,6.776578063359318,5.626338796953125,3.61630823005487,88.84501888257952,175.10290607825274,0.983126141373905,15.20367475855308
19,4,patch,320.0,opm_dense,4,True,16.927069072252873,32.656862072131894,0.4444444444444444,8.210234909905587,6.257234645749501,3.61630823005487,91.2034088470062,14.495352795702571,0.9504000735994987,15.20367475855308
20,5,focal,80.0,squid,5,True,11.26842962705043,6.1482674946145845,nan,4.847280864517459,3.0680053687372295,2.287119574540942,26.936324799364574,523.8039189220939,1.0304879133111045,18.163454646625866
20,5,focal,80.0,opm_matched,5,True,5.973931486931009,11.584376143299187,nan,5.359851667891127,3.581197067943111,2.287119574540942,61.58258820741881,1275.9722003531892,1.0797342971846395,18.163454646625866
20,5,focal,80.0,opm_dense,5,True,5.973931486931009,11.636925781832447,nan,5.151000156595596,2.9611479458735186,2.287119574540942,49.54817256445349,209.03271492118694,1.1471281538399356,18.163454646625866
21,5,focal,320.0,squid,5,True,11.26842962705043,24.113808650745412,nan,3.483179471356799,1.2240546408886221,2.287119574540942,83.99932072256175,8.216991101171143,1.1241932654152837,18.163454646625866
21,5,focal,320.0,opm_matched,5,True,5.973931486931009,42.74474808313109,nan,3.2035549706284074,1.2609471555608889,2.287119574540942,95.0908014177908,23.40388817059237,1.2439115730359935,18.163454646625866
21,5,focal,320.0,opm_dense,5,True,5.973931486931009,48.115563110934964,nan,3.1526831081998576,0.8998118323117661,2.287119574540942,94.17547914017015,2.8698526496582377,1.1765478717105784,18.163454646625866
22,5,patch,80.0,squid,5,True,11.273830225425773,5.302756682226677,0.14285714285714285,6.570610038008719,6.7374862193373195,2.287119574540942,16.717475085978574,1175.4482155533008,1.0775423277892984,18.163454646625866
22,5,patch,80.0,opm_matched,5,True,10.326727628114726,8.009196184467124,0.42857142857142855,4.686241910630126,4.166055537115253,2.287119574540942,47.2642811135773,2316.8795112159432,1.023039818140754,18.163454646625866
22,5,patch,80.0,opm_dense,5,True,10.326727628114726,8.183555474494446,0.35714285714285715,5.7807812975470405,4.222263221737215,2.287119574540942,37.120390720956095,915.7027392320822,0.9480483700082399,18.163454646625866
23,5,patch,320.0,squid,5,True,10.326727628114726,20.478736969527848,0.42857142857142855,4.615714914966663,2.565231121566438,2.287119574540942,74.16070046154137,33.36459263969004,1.0144083586593957,18.163454646625866
23,5,patch,320.0,opm_matched,5,True,10.326727628114726,29.754014587989616,0.5,4.964113111616661,2.9176046790534333,2.287119574540942,93.35642655399414,62.236926215653334,0.9268792440783042,18.163454646625866
23,5,patch,320.0,opm_dense,5,True,10.326727628114726,29.52516148177223,0.5714285714285714,4.675927830468233,2.6578266157720236,2.287119574540942,86.32468658433604,17.428442573930127,1.1921845147717614,18.163454646625866
24,6,focal,80.0,squid,6,False,72.26607714377509,3.5297870024258287,nan,3.0693430999936058,3.275920808386057,2.986108045851033,7.698160496611465,7840.41040031918,1.0959389350428137,22.731497826677533
24,6,focal,80.0,opm_matched,6,False,16.180133316391206,3.6534487082884635,nan,8.213164553211149,8.77152612182116,2.986108045851033,18.4458529085103,10660.646871704077,0.8905576647728224,22.731497826677533
24,6,focal,80.0,opm_dense,6,False,8.578329060012784,4.52709518894656,nan,6.370132452592213,5.875210497913187,2.986108045851033,12.141723190810689,4617.498302929642,1.0509885145239748,22.731497826677533
25,6,focal,320.0,squid,6,True,8.578329060012784,11.989987346376532,nan,4.478361634345397,3.2692805822984425,2.986108045851033,43.90934163291782,151.52227924932035,1.094979761737309,22.731497826677533
25,6,focal,320.0,opm_matched,6,True,9.060930336987546,14.610037946144422,nan,5.578105413151893,4.815998263636482,2.986108045851033,70.25501517859965,127.36739528296174,1.4294098409083469,22.731497826677533
25,6,focal,320.0,opm_dense,6,True,8.578329060012784,15.207996472660666,nan,13.502537662431893,11.78339086234036,2.986108045851033,47.40138594833985,140.6192925356881,1.9267595254612424,22.731497826677533
26,6,patch,80.0,squid,6,False,39.914979680769456,3.60034642849204,0.0,10.311299567608524,9.877108653298336,2.986108045851033,6.496995494160577,4592.689160533062,0.9651269718129405,22.731497826677533
26,6,patch,80.0,opm_matched,6,False,2.8961829133826793,2.974730794058895,0.45454545454545453,6.91088567202026,5.474745002372546,2.986108045851033,19.004149326294772,7508.824025782891,0.8682297825681078,22.731497826677533
26,6,patch,80.0,opm_dense,6,False,8.578329060012784,3.9656057727641567,0.36363636363636365,4.40991387900763,2.3147064232823564,2.986108045851033,15.37544309623117,2348.649270616703,0.9124179818361596,22.731497826677533
27,6,patch,320.0,squid,6,True,8.578329060012784,14.577056557215153,0.36363636363636365,3.6551605663092586,2.3135964537677376,2.986108045851033,56.3264725007633,72.11608066584418,1.0682089060682627,22.731497826677533
27,6,patch,320.0,opm_matched,6,True,2.8961829133826793,18.26139734377146,0.5454545454545454,3.953746116775658,3.522757684864242,2.986108045851033,82.57174997190494,55.47713717474361,1.2283173198214443,22.731497826677533
27,6,patch,320.0,opm_dense,6,True,8.578329060012784,20.56764443100371,0.36363636363636365,4.312429763416735,3.888356921389781,2.986108045851033,80.09918402955786,17.033484857582536,1.008759909735771,22.731497826677533
28,7,focal,80.0,squid,7,True,6.3931927702224565,4.110432628752509,nan,6.682880189316214,7.541742731385837,2.4917139982043484,13.617120799882857,11009.187983495867,1.0215105900621086,28.79051888438163
28,7,focal,80.0,opm_matched,7,True,6.3931927702224565,6.773767823202644,nan,7.386152749623553,9.148761158651155,2.4917139982043484,41.24333087838832,3623.0841231706095,1.0026790083381623,28.79051888438163
28,7,focal,80.0,opm_dense,7,True,6.3931927702224565,5.982573267930506,nan,5.3632805662318015,4.395703994849792,2.4917139982043484,20.759090648883625,5368.771754732303,1.1736463382717592,28.79051888438163
29,7,focal,320.0,squid,7,True,6.3931927702224565,8.148943352450392,nan,5.574637631001733,3.2614885304473638,2.4917139982043484,51.768125529763786,809.2663317747658,1.0439943564593932,28.79051888438163
29,7,focal,320.0,opm_matched,7,True,6.3931927702224565,18.431966509434602,nan,5.011980732618035,2.7094134990704757,2.4917139982043484,79.76303877847356,674.5889601259119,1.294581299136436,28.79051888438163
29,7,focal,320.0,opm_dense,7,True,6.3931927702224565,18.853982484890704,nan,5.019949864813911,3.439938656386222,2.4917139982043484,72.97746739937797,247.77380837278784,1.2330429115877268,28.79051888438163
30,7,patch,80.0,squid,7,True,88.19890017114786,3.3411019411357,0.0,4.470492810411517,5.47753445237602,2.4917139982043484,8.981181060855603,32301.633386928777,0.8327851287955503,28.79051888438163
30,7,patch,80.0,opm_matched,7,True,6.3931927702224565,5.451787833521266,0.3,4.0748580480315635,5.814865135493613,2.4917139982043484,39.36293529801178,13248.713731565284,0.68658288152381,28.79051888438163
30,7,patch,80.0,opm_dense,7,True,6.3931927702224565,4.562428902643935,0.1,12.242565065690833,12.509734371827653,2.4917139982043484,23.30897937041238,15898.430828461027,0.9065892899914384,28.79051888438163
31,7,patch,320.0,squid,7,True,6.3931927702224565,9.586510376197124,0.2,3.4437832026102972,4.453078892403249,2.4917139982043484,52.45176718019873,653.7156893621291,0.9810773386835656,28.79051888438163
31,7,patch,320.0,opm_matched,7,True,6.3931927702224565,20.019644811207254,0.6,2.0981221884928276,2.1804130792343717,2.4917139982043484,83.47803560762924,534.4791512147281,1.018614907615815,28.79051888438163
31,7,patch,320.0,opm_dense,7,True,6.3931927702224565,20.312667953174806,0.5,4.223089901467009,4.515558211014517,2.4917139982043484,74.81855441769233,203.39472353367205,1.1169853943566048,28.79051888438163
32,8,focal,80.0,squid,0,True,15.232551890518584,3.4203834816619665,nan,7.546927227207491,4.908170874404033,2.8487920025246054,12.375567701071304,2336.1542010538733,1.0786144179827932,20.63023271138994
32,8,focal,80.0,opm_matched,0,True,7.005504471974936,6.134275926498097,nan,6.115611847241028,3.5918617195496747,2.8487920025246054,42.08354242861222,1279.425175911761,0.9533381064031641,20.63023271138994
32,8,focal,80.0,opm_dense,0,True,3.268873484039232,5.910916294869634,nan,3.695316144291109,1.191760260303073,2.8487920025246054,33.481812584007045,532.9188880005478,0.8212991496443698,20.63023271138994
33,8,focal,320.0,squid,0,True,15.7089873424612,11.872880109413364,nan,5.53608579583681,3.6038044708953536,2.8487920025246054,64.23738718260718,61.82497570213498,1.0094017572761003,20.63023271138994
33,8,focal,320.0,opm_matched,0,True,3.268873484039232,20.8960016888708,nan,4.017653645771428,1.515198441693118,2.8487920025246054,89.52034397438403,32.48931849702347,0.9065667600479701,20.63023271138994
33,8,focal,320.0,opm_dense,0,True,3.268873484039232,19.204883557195707,nan,4.2229278923411,1.7950184144961612,2.8487920025246054,80.36417339859338,15.14728807746359,1.176311722045704,20.63023271138994
34,8,patch,80.0,squid,0,True,83.92818586589006,3.344602440093801,0.0,7.315674964256945,6.641465495551179,2.8487920025246054,5.762394963086377,7905.747048372546,1.138774865068326,20.63023271138994
34,8,patch,80.0,opm_matched,0,True,3.268873484039232,4.985618252983803,0.3333333333333333,1.0696854336257424,3.1664426036555473,2.8487920025246054,25.684629753102435,2401.201951442707,1.2265981876702414,20.63023271138994
34,8,patch,80.0,opm_dense,0,True,3.268873484039232,5.118254733983022,0.3333333333333333,3.0121607859078274,1.7350614263374682,2.8487920025246054,20.47948453113324,931.5136328706034,1.0272531877222066,20.63023271138994
35,8,patch,320.0,squid,0,True,15.232551890518584,13.072184345140892,0.4166666666666667,2.529126108867946,3.1654613486265064,2.8487920025246054,65.23066913579083,59.334859597546576,0.9481176493666368,20.63023271138994
35,8,patch,320.0,opm_matched,0,True,3.268873484039232,23.607015944616762,0.5,3.0901557360449687,3.219107114167399,2.8487920025246054,87.4630720358112,34.902888356794136,1.1587321618632376,20.63023271138994
35,8,patch,320.0,opm_dense,0,True,3.268873484039232,22.42181055891605,0.5,2.991920089616116,2.8311652951323834,2.8487920025246054,82.1492295640677,9.500003052223743,1.1357696228366567,20.63023271138994
36,9,focal,80.0,squid,1,True,17.966202429508527,3.214855567783402,nan,11.085863514034315,8.663948001402646,2.435244739040688,6.349243337454764,12398.245853535958,1.1772624975185941,28.118327166529053
36,9,focal,80.0,opm_matched,1,True,45.04262627289156,4.530426453884322,nan,12.824125964782496,10.436018679519906,2.435244739040688,17.572960566538214,15055.833918108596,1.2545841089838616,28.118327166529053
36,9,focal,80.0,opm_dense,1,True,10.680718568441101,4.535710788280876,nan,12.520585551884283,10.102710066314618,2.435244739040688,17.012441383304356,4837.027668592886,1.0337503301469317,28.118327166529053
37,9,focal,320.0,squid,1,True,17.583081288346488,11.695716391116058,nan,6.090226461707816,3.6724722321583707,2.435244739040688,51.14278703923476,210.9620292394465,1.1838130455637859,28.118327166529053
37,9,focal,320.0,opm_matched,1,True,0.9656300927902914,16.186284243347544,nan,1.8793201770693608,2.1530823624680573,2.435244739040688,78.74996162239462,173.08973730877588,1.280594851311988,28.118327166529053
37,9,focal,320.0,opm_dense,1,True,0.9656300927902914,16.753040379151933,nan,5.318548684510374,3.917199202848983,2.435244739040688,73.02090800403808,107.61631757600028,1.2169821390469389,28.118327166529053
38,9,patch,80.0,squid,1,False,75.24493785086487,3.533095151406983,0.0,90.9182585972898,91.26774569102744,2.435244739040688,5.068695545646142,17375.129365680306,1.0681045752274265,28.118327166529053
38,9,patch,80.0,opm_matched,1,False,75.17658153405219,3.926664045734074,0.0,75.96242425726902,74.9947254598156,2.435244739040688,12.002141613005076,19480.273128182067,0.9832819882507615,28.118327166529053
38,9,patch,80.0,opm_dense,1,False,27.20086084180135,3.6629510425323204,0.0,102.24618798963296,102.08662006080027,2.435244739040688,9.411301459174432,7069.789073215748,1.0931866267899848,28.118327166529053
39,9,patch,320.0,squid,1,True,17.583081288346488,7.416116933673427,0.3,5.771165676809067,5.422197680319615,2.435244739040688,32.45178889272609,611.3215883316826,1.0778852856066372,28.118327166529053
39,9,patch,320.0,opm_matched,1,True,0.9656300927902914,11.348812952851599,0.3,5.052274632140973,5.448110242284598,2.435244739040688,67.18908365859157,712.4594784213259,0.8729062210174444,28.118327166529053
39,9,patch,320.0,opm_dense,1,True,0.9656300927902914,10.594047533115265,0.3,3.9424458280559964,3.190219825971974,2.435244739040688,53.45825527715397,333.00974203130073,1.0883109787906047,28.118327166529053
40,10,focal,80.0,squid,2,True,3.6445195969095505,4.626296214275136,nan,6.527469851238146,6.316519387132608,2.667030673219631,8.743774529792946,4455.828735013311,1.1542405032531307,20.734557356842743
40,10,focal,80.0,opm_matched,2,True,5.05433495033427,6.705764799543505,nan,7.8665790604345105,6.8827738577555575,2.667030673219631,46.258922297029265,568.4823350756598,0.8337707606994891,20.734557356842743
40,10,focal,80.0,opm_dense,2,True,5.05433495033427,7.343861333568696,nan,4.852434721477562,3.5504040821223133,2.667030673219631,27.413602670987903,665.7518762737519,1.0774254201841724,20.734557356842743
41,10,focal,320.0,squid,2,True,14.719518969630702,15.692499291521312,nan,3.8024711623967495,1.696557292474723,2.667030673219631,67.17959680723924,42.77739601865719,1.1323582661476592,20.734557356842743
41,10,focal,320.0,opm_matched,2,True,16.041704355220865,25.02599648276353,nan,2.4966803576381698,1.3131013423626494,2.667030673219631,88.5140870163848,12.733888360184222,1.5128602374163291,20.734557356842743
41,10,focal,320.0,opm_dense,2,True,5.05433495033427,26.866422204877967,nan,2.406275407186078,0.9306778158117235,2.667030673219631,80.8417331225151,7.8830168536034355,1.7463173226805824,20.734557356842743
42,10,patch,80.0,squid,2,True,14.719518969630702,4.96003775204432,0.4444444444444444,3.0491974947407408,3.8318837105034236,2.667030673219631,19.872108183938135,1254.6511919493296,0.9739677128859462,20.734557356842743
42,10,patch,80.0,opm_matched,2,True,8.153016573247616,7.10454086014088,0.3888888888888889,3.332048852069949,3.158169530669654,2.667030673219631,41.00483846295222,633.2891682169858,1.2143426321499797,20.734557356842743
42,10,patch,80.0,opm_dense,2,True,7.217803363190252,8.290581058872847,0.8333333333333334,1.479307547428005,1.3157857227777183,2.667030673219631,40.18569340227667,271.8468094408139,1.0014270122102715,20.734557356842743
43,10,patch,320.0,squid,2,True,14.719518969630702,15.882597520653894,0.6111111111111112,2.2467970542386957,0.8313287143455789,2.667030673219631,64.44799307558664,54.71945956162231,1.1002695060715746,20.734557356842743
43,10,patch,320.0,opm_matched,2,True,8.153016573247616,24.72159786280537,0.5555555555555556,3.390008310259892,1.441894311940355,2.667030673219631,87.50813962482728,13.30137058831065,1.3996800977004804,20.734557356842743
43,10,patch,320.0,opm_dense,2,True,5.05433495033427,29.194751773347114,0.6111111111111112,3.642054452641753,1.3384056157426878,2.667030673219631,82.91980580660132,9.875881623365242,1.4036563820794616,20.734557356842743
44,11,focal,80.0,squid,3,True,12.819278682701139,4.454847638675934,nan,7.474545834413915,5.791277092567919,3.4550262470189113,13.915065337453678,2860.261487130053,1.002025993598883,28.437045986968904
44,11,focal,80.0,opm_matched,3,True,16.51467246537209,6.0217974640542415,nan,15.292904792277922,12.567946693685196,3.4550262470189113,38.569416504504126,4104.239770785941,0.8130353159482773,28.437045986968904
44,11,focal,80.0,opm_dense,3,True,16.369352217140037,5.433425525547039,nan,7.248313124933062,5.822770955453939,3.4550262470189113,22.397573734717604,2885.0375017519877,1.0336538144462686,28.437045986968904
45,11,focal,320.0,squid,3,True,1.9252959647799925,15.639645796265484,nan,3.716325094247927,0.8939379313981165,3.4550262470189113,61.91840650606153,67.54867122499297,1.0666445763780645,28.437045986968904
45,11,focal,320.0,opm_matched,3,True,1.9252959647799925,21.73614575889471,nan,4.256094905710902,1.0721555968058314,3.4550262470189113,87.53396078069173,86.6724340683448,0.96959905490071,28.437045986968904
45,11,focal,320.0,opm_dense,3,True,1.9252959647799925,19.203698439553182,nan,3.5504519147799503,0.7788398003750611,3.4550262470189113,77.81195676534638,52.069703481771136,1.0817611831424743,28.437045986968904
46,11,patch,80.0,squid,3,False,5.419288035584354,4.526012459633384,0.36363636363636365,9.854442243941406,8.106499451013587,3.4550262470189113,8.99230642990749,2853.557608166451,1.0611933567809375,28.437045986968904
46,11,patch,80.0,opm_matched,3,False,8.035141539108086,5.101779986566798,0.2727272727272727,10.104433632918475,7.51076758792266,3.4550262470189113,24.416233622073335,3412.3784259595636,1.0624003023158142,28.437045986968904
46,11,patch,80.0,opm_dense,3,False,10.887533693111605,4.0929793603555815,0.18181818181818182,11.472380141768703,11.166311165449436,3.4550262470189113,15.359236718701858,3321.839359174858,1.0921102879669948,28.437045986968904
47,11,patch,320.0,squid,3,True,8.035141539108086,11.657406273459289,0.45454545454545453,3.9948184513215375,2.016594544213725,3.4550262470189113,48.16555097655762,133.86979734704903,0.9649475897095009,28.437045986968904
47,11,patch,320.0,opm_matched,3,True,10.887533693111605,14.913318703830473,0.36363636363636365,4.078193880291557,3.2058811991510523,3.4550262470189113,76.3633647294307,210.3515519850216,0.9955834074666154,28.437045986968904
47,11,patch,320.0,opm_dense,3,True,8.035141539108086,14.296039459121289,0.45454545454545453,3.503949112611467,1.138633032696437,3.4550262470189113,67.82586753693919,104.48561149744346,0.9046021291738489,28.437045986968904
48,12,focal,80.0,squid,4,False,37.416872974946635,4.1438745110344914,nan,55.565745697514636,59.000985291427654,3.4823473882666773,5.123894170209821,50898.42080114016,0.9996939854536853,32.62654901446216
48,12,focal,80.0,opm_matched,4,False,52.94053704854476,3.147807458129618,nan,56.14566777523957,59.61573152099371,3.4823473882666773,13.215470897718584,46279.505360688556,0.8854177666428257,32.62654901446216
48,12,focal,80.0,opm_dense,4,False,30.468647232702754,3.2327582815729152,nan,12.66713868557296,12.008751321102423,3.4823473882666773,7.678939262014728,11384.754300854536,0.9918558405694998,32.62654901446216
49,12,focal,320.0,squid,4,True,3.1291053601251497,5.419773873898174,nan,9.186183660939994,5.886150434352108,3.4823473882666773,15.61970969732102,1399.5532329938546,1.1491076295656262,32.62654901446216
49,12,focal,320.0,opm_matched,4,True,3.1291053601251497,7.217039638966879,nan,7.383853035237873,4.212902254550982,3.4823473882666773,41.72102524506498,2149.773593645227,1.03768268093061,32.62654901446216
49,12,focal,320.0,opm_dense,4,True,3.5838223938214955,6.875885827524097,nan,10.32514211906003,7.267625152876151,3.4823473882666773,33.970254793060036,646.7316584965138,0.9420631087505607,32.62654901446216
50,12,patch,80.0,squid,4,False,53.025252333789645,3.3378463345506644,0.0,22.45571916892422,21.343446501377972,3.4823473882666773,3.906465619725595,29185.767751322517,1.0009539351932673,32.62654901446216
50,12,patch,80.0,opm_matched,4,False,45.65458938455308,3.320166245084494,0.0,48.230250981197166,50.922082355192984,3.4823473882666773,17.291359903090324,13693.069170286159,0.7207061491383348,32.62654901446216
50,12,patch,80.0,opm_dense,4,False,87.6219670796299,3.167376681234027,0.0,38.874884476744384,38.58185617101484,3.4823473882666773,9.059815275482013,22373.404147253445,0.806988951408232,32.62654901446216
51,12,patch,320.0,squid,4,True,3.5838223938214955,8.347922878647003,0.6666666666666666,10.318673452472853,7.4785769579973165,3.4823473882666773,29.520138410020262,336.1413033551468,1.0282660753365824,32.62654901446216
51,12,patch,320.0,opm_matched,4,True,3.1291053601251497,8.815389187750174,0.5555555555555556,9.912793393085519,7.553705970988332,3.4823473882666773,48.82862720434702,540.5627247529588,1.237671373312702,32.62654901446216
51,12,patch,320.0,opm_dense,4,True,3.5838223938214955,8.48369122806844,0.5555555555555556,9.436916409828607,6.922128936947611,3.4823473882666773,41.772689278966055,265.5688191203121,1.083375555488301,32.62654901446216
52,13,focal,80.0,squid,5,False,48.51821718429196,2.853232986201309,nan,33.14017071132493,31.75303717034216,1.4499929271771277,2.8195512830885603,17699.725167150173,0.9958942948585758,44.022198487665946
52,13,focal,80.0,opm_matched,5,False,63.26663797142357,3.245939902238643,nan,83.27911299994821,83.68089022097674,1.4499929271771277,16.26937698456768,28824.82830459013,0.7874232505680715,44.022198487665946
52,13,focal,80.0,opm_dense,5,False,75.68248662402819,3.291713227258618,nan,72.32282639227317,73.18406841692105,1.4499929271771277,14.075015886002781,1419.8389521363952,0.8539235342785719,44.022198487665946
53,13,focal,320.0,squid,5,False,47.666583967453974,3.8730940479152762,nan,41.96934444900311,40.58545705756656,1.4499929271771277,4.5202012761240145,55080.53603395021,0.9621965961518231,44.022198487665946
53,13,focal,320.0,opm_matched,5,False,56.993658599461206,3.4857843113356948,nan,53.49129976677855,53.792008341669366,1.4499929271771277,18.264849531883875,6149.820548627038,1.089375948211162,44.022198487665946
53,13,focal,320.0,opm_dense,5,False,21.50787388377232,3.5069589572852724,nan,65.62953952883296,65.30375667383662,1.4499929271771277,15.434225153722792,3888.9483201937055,1.014557461497863,44.022198487665946
54,13,patch,80.0,squid,5,False,36.053878209587914,3.7178367061180424,0.0,55.212578956417886,55.17599130174656,1.4499929271771277,3.0295496201237384,80448.1460574153,0.9067531860770105,44.022198487665946
54,13,patch,80.0,opm_matched,5,False,41.49087942224571,2.9627345364882047,0.0,49.796472750913736,49.87283195665483,1.4499929271771277,14.31541233205755,54567.93359292831,0.7770350489048478,44.022198487665946
54,13,patch,80.0,opm_dense,5,False,70.55592399810892,3.7242339908868107,0.0,36.721745254124265,36.77358556725692,1.4499929271771277,7.427441749592918,19091.916957266087,0.8140605433780679,44.022198487665946
55,13,patch,320.0,squid,5,True,40.27065566385855,3.2999445276942283,0.25,7.944905740766988,8.521639065476569,1.4499929271771277,9.534071585819035,26871.444488022706,0.9575147960568413,44.022198487665946
55,13,patch,320.0,opm_matched,5,True,12.213283707905008,4.821732675877391,0.5,13.270176371087507,14.140895989154101,1.4499929271771277,24.73692447348396,21818.36531478451,1.2144881356133128,44.022198487665946
55,13,patch,320.0,opm_dense,5,True,9.828146853511967,5.523742013861685,0.625,14.768718222845362,15.382352024380541,1.4499929271771277,17.386214014512984,10522.94681963378,1.1400360808780585,44.022198487665946
56,14,focal,80.0,squid,6,False,87.66887713776957,3.6122861682392338,nan,23.747217718328386,23.213486841402425,2.1082723526273797,5.042106148152152,39016.98551563578,0.9287945664514242,30.79316922858659
56,14,focal,80.0,opm_matched,6,False,93.29953801420305,2.959909912947218,nan,89.16022518446853,88.63823473788321,2.1082723526273797,14.252614155877053,200095.54444328908,0.808825451516517,30.79316922858659
56,14,focal,80.0,opm_dense,6,False,43.75801297906287,3.40659274377169,nan,59.01927136885099,58.88482376964125,2.1082723526273797,5.964189924457791,219386.92268205812,0.9774000418313347,30.79316922858659
57,14,focal,320.0,squid,6,True,14.961819607198118,4.626898362483193,nan,48.026559316673904,47.43377085757093,2.1082723526273797,18.505865526934684,15370.213674478102,0.9492194244463307,30.79316922858659
57,14,focal,320.0,opm_matched,6,True,57.159217375156935,7.816820732394869,nan,52.77579328754149,52.22677994759185,2.1082723526273797,49.139133754652704,18537.344705315507,1.2060690720672549,30.79316922858659
57,14,focal,320.0,opm_dense,6,True,52.04538761309098,6.688690143870424,nan,46.61090887055089,45.70110336913428,2.1082723526273797,36.41621704931266,7624.769738644396,1.2472097510135631,30.79316922858659
58,14,patch,80.0,squid,6,False,4.656309558532351,3.3189916865544697,0.15384615384615385,6.100107091855948,7.5519983446778625,2.1082723526273797,4.836327296783793,24991.65872110224,0.8460769825894008,30.79316922858659
58,14,patch,80.0,opm_matched,6,False,107.24223814741373,3.0370392137162288,0.23076923076923078,43.96720846006987,42.20867813962929,2.1082723526273797,12.903409432974206,20311.06696916092,1.0301003696274686,30.79316922858659
58,14,patch,80.0,opm_dense,6,False,4.656309558532351,2.8432723494766172,0.07692307692307693,68.94894430889903,67.72138196524213,2.1082723526273797,5.36318683051288,124181.01574983967,0.8326642323385242,30.79316922858659
59,14,patch,320.0,squid,6,True,9.724340764699775,8.740160530158144,0.3076923076923077,3.4260546443699487,1.5801243111861842,2.1082723526273797,37.020202805077,442.56386931596745,1.0334557098753234,30.79316922858659
59,14,patch,320.0,opm_matched,6,True,9.724340764699775,11.966997881246932,0.5384615384615384,2.9830760274008634,2.865270335656497,2.1082723526273797,63.3031549596686,278.52898226985906,1.4211574985776885,30.79316922858659
59,14,patch,320.0,opm_dense,6,True,3.008460962246243,10.926933458941324,0.23076923076923078,6.433163548571986,6.617584053148091,2.1082723526273797,46.94129133464551,154.59660439995778,1.573494242857596,30.79316922858659
60,15,focal,80.0,squid,7,False,27.386039311944792,3.081749694329043,nan,54.961522436443,58.38704292224831,3.504372221069584,1.8936811540816108,72903.30902820613,0.9845171580956517,41.50572263638521
60,15,focal,80.0,opm_matched,7,False,28.17971058010937,2.9741013552347546,nan,59.62402471349537,58.382785359978904,3.504372221069584,9.613055088251283,53482.00299957572,0.9172729486751326,41.50572263638521
60,15,focal,80.0,opm_dense,7,False,28.17971058010937,3.416083700970029,nan,30.47041709420668,33.844432699135005,3.504372221069584,9.039606829346884,7501.027171800362,0.8765184805269629,41.50572263638521
61,15,focal,320.0,squid,7,True,3.7024324614869952,4.644841710484987,nan,4.531896075380367,2.5683062771291465,3.504372221069584,16.846890232291965,4784.224933544508,1.0410724158866913,41.50572263638521
61,15,focal,320.0,opm_matched,7,True,3.7024324614869952,6.3634319350848765,nan,9.255180285438382,6.2045714999778525,3.504372221069584,36.462422459058764,5223.059766299153,1.1428519873356284,41.50572263638521
61,15,focal,320.0,opm_dense,7,True,3.7024324614869952,7.144721444405762,nan,6.357860273264422,4.7016937657655875,3.504372221069584,28.531859112480596,3423.180338054588,1.0141308649509033,41.50572263638521
62,15,patch,80.0,squid,7,False,53.22930084977668,2.974868740680172,0.0,54.63880809569831,58.05794866015782,3.504372221069584,3.349192397876507,34334.98390682461,0.962308530649467,41.50572263638521
62,15,patch,80.0,opm_matched,7,False,70.2675958725075,3.754319702981676,0.0,85.95417215831459,86.40585741828242,3.504372221069584,10.818957949703854,30015.75946174417,0.8680989255698842,41.50572263638521
62,15,patch,80.0,opm_dense,7,False,50.81194556489602,3.0741672709732204,0.0,55.39984907778897,54.49149215341465,3.504372221069584,7.949919895546957,25803.79828259081,0.9232853937349746,41.50572263638521
63,15,patch,320.0,squid,7,True,9.110465335096496,6.173850307633153,0.7777777777777778,7.612623682249183,5.578916763236675,3.504372221069584,19.232007832856375,5298.5329023539125,0.9978733576613686,41.50572263638521
63,15,patch,320.0,opm_matched,7,True,8.07526566022273,6.80311815235845,0.7777777777777778,2.0816763246234578,1.496657242222131,3.504372221069584,46.931200964249165,6169.031680158322,0.8824201009523973,41.50572263638521
63,15,patch,320.0,opm_dense,7,True,8.07526566022273,7.0585286531098905,0.7777777777777778,8.229879250149628,6.582673350902636,3.504372221069584,34.59230710638926,3728.8013070653856,1.060805223384419,41.50572263638521
64,16,focal,80.0,squid,0,True,8.833169423325963,5.537300830417025,nan,11.563394354152102,11.345553001001113,0.9232300110341953,8.734913180495568,7304.841378873077,1.0292223867592927,32.34584646299777
64,16,focal,80.0,opm_matched,0,True,8.833169423325963,4.335912221143887,nan,9.796583636145714,9.051861488158405,0.9232300110341953,32.8619189639223,4811.002052147153,0.7725085612368012,32.34584646299777
64,16,focal,80.0,opm_dense,0,True,4.472136688039786,4.930339441265317,nan,8.896358899627662,9.254634707081138,0.9232300110341953,24.074501635805102,1344.7186622423737,0.8955854677164173,32.34584646299777
65,16,focal,320.0,squid,0,True,8.833169423325963,8.953235144937105,nan,5.300122281741469,6.001913675690273,0.9232300110341953,42.693353833466354,333.26286176457864,1.1863297682559715,32.34584646299777
65,16,focal,320.0,opm_matched,0,True,8.833169423325963,16.00701958136051,nan,4.665313849841622,5.478804733158974,0.9232300110341953,71.8365157962024,80.03131037244842,1.689297644720081,32.34584646299777
65,16,focal,320.0,opm_dense,0,True,14.605700702578975,15.138894409416427,nan,4.131747229994523,4.76141595537155,0.9232300110341953,66.3890761987964,58.97777259298112,1.3494306112728685,32.34584646299777
66,16,patch,80.0,squid,0,True,52.23418392039745,3.3450651434888536,0.0,17.951244234026152,17.64322126164189,0.9232300110341953,6.12381432644409,25285.691806761475,1.010802376248397,32.34584646299777
66,16,patch,80.0,opm_matched,0,False,38.35077681810937,3.7013517964280336,0.0,10.198336863841234,10.715186075366319,0.9232300110341953,20.28437098724773,9448.504876159392,0.8928023933447944,32.34584646299777
66,16,patch,80.0,opm_dense,0,True,56.00159725404776,3.850371245307508,0.0,26.21560299397144,25.853014948445843,0.9232300110341953,18.134159618066015,6876.720790031351,0.9489290993145982,32.34584646299777
67,16,patch,320.0,squid,0,True,8.833169423325963,5.861309645406764,0.1,4.186027056968025,4.049877413125007,0.9232300110341953,31.335164214208287,1006.1485599852726,0.8412134198552575,32.34584646299777
67,16,patch,320.0,opm_matched,0,True,8.833169423325963,9.338990923116492,0.3,2.3811008540720984,3.270348271871153,0.9232300110341953,68.38364831782886,326.24927873718957,0.87363032881185,32.34584646299777
67,16,patch,320.0,opm_dense,0,True,14.605700702578975,9.489317568850662,0.5,1.4389674540371613,2.115311735601656,0.9232300110341953,54.29860345013632,208.72691925468348,1.1018475363909916,32.34584646299777
68,17,focal,80.0,squid,1,False,47.86450110386348,3.112250744992072,nan,34.37040089794564,35.826520120242584,2.6478236289065653,2.83344515597451,46520.88787156894,0.9766611776203742,41.88629542259592
68,17,focal,80.0,opm_matched,1,False,32.332019944250845,3.433933860208411,nan,78.51510736871991,80.49159471408822,2.6478236289065653,9.782573253262662,141241.98256840615,0.9707411053718362,41.88629542259592
68,17,focal,80.0,opm_dense,1,False,71.09453586529769,3.423727997597728,nan,76.4600180146207,76.0202185875934,2.6478236289065653,7.672946319821349,8709.495037455055,0.9170766676882294,41.88629542259592
69,17,focal,320.0,squid,1,True,12.703463907777639,6.249091267051947,nan,3.407749537264412,1.9768790960332534,2.6478236289065653,28.243153233408485,2826.2524009606686,1.0490160545396987,41.88629542259592
69,17,focal,320.0,opm_matched,1,True,5.825846574034777,10.256409031054412,nan,7.961382503349105,5.883103321540772,2.6478236289065653,53.758635471972305,2548.603504899456,1.3377486796968614,41.88629542259592
69,17,focal,320.0,opm_dense,1,True,5.825846574034777,9.857455942180998,nan,10.435750685187998,8.383859430378505,2.6478236289065653,44.36460778209295,1316.7681322098847,1.2025523748973452,41.88629542259592
70,17,patch,80.0,squid,1,False,30.044360737474882,3.2985843568575732,0.0,48.271452597476426,47.49375761707318,2.6478236289065653,3.0634099603264078,40179.213874853944,1.088020122949709,41.88629542259592
70,17,patch,80.0,opm_matched,1,False,48.356922230073685,3.52518180738255,0.0,81.34296062395865,83.42538075812804,2.6478236289065653,14.098483327495046,122652.88706661493,1.0687972945534387,41.88629542259592
70,17,patch,80.0,opm_dense,1,False,64.21689977068982,3.132107352410805,0.0,47.997772320160344,47.32601585476642,2.6478236289065653,8.042595584836532,22031.848123075833,0.9519823073969159,41.88629542259592
71,17,patch,320.0,squid,1,True,5.825846574034777,5.730269427449658,0.5,7.080270377723791,7.509134030735462,2.6478236289065653,20.349867827142383,4033.1365377615653,1.0524870546348728,41.88629542259592
71,17,patch,320.0,opm_matched,1,True,5.825846574034777,7.894118193188197,0.5,11.84512918162334,10.163887998912074,2.6478236289065653,48.83929149834715,6146.506552419694,0.887861075825308,41.88629542259592
71,17,patch,320.0,opm_dense,1,True,5.825846574034777,7.66966003322253,0.25,13.413375332146737,11.45755394865246,2.6478236289065653,31.96943204809633,2768.4105636792838,1.1235536389985623,41.88629542259592
72,18,focal,80.0,squid,2,False,58.354115605500205,3.8695547273357707,nan,69.4190706861748,67.1955723144533,2.2420269862282596,5.000260738793586,79351.7226141603,0.8905627359158611,49.79767203683723
72,18,focal,80.0,opm_matched,2,False,31.257101455383324,3.48806360031168,nan,83.50245550297305,81.33229580418032,2.2420269862282596,22.20119932140767,5199.817370611555,0.9775188333661926,49.79767203683723
72,18,focal,80.0,opm_dense,2,False,31.257101455383324,3.5240027970918044,nan,69.48975287343158,67.28488591949038,2.2420269862282596,13.39989050534352,9953.553473501066,0.9476190636998878,49.79767203683723
73,18,focal,320.0,squid,2,False,41.54693564571099,3.0690152690334105,nan,6.151914014432089,7.0697799357619475,2.2420269862282596,4.325305543469495,29312.33254515794,0.9303913750000765,49.79767203683723
73,18,focal,320.0,opm_matched,2,False,9.771437131688169,3.002475601514229,nan,10.194344672953207,11.182585392605912,2.2420269862282596,16.4485798437701,33103.369517314604,0.7666441911532471,49.79767203683723
73,18,focal,320.0,opm_dense,2,False,9.771437131688169,3.7060352864957586,nan,4.87142418128825,5.353806121906805,2.2420269862282596,10.049767122582002,32391.526831387124,0.7787407166039718,49.79767203683723
74,18,patch,80.0,squid,2,False,32.794181739509774,3.088091930110267,0.0,44.78660839713777,45.01903375509434,2.2420269862282596,3.619086141768725,18906.987916481037,0.9017367380124302,49.79767203683723
74,18,patch,80.0,opm_matched,2,False,56.832205240675144,3.942436862858583,0.0,60.97428695201247,60.3304549837269,2.2420269862282596,18.744755919124973,6719.941207192346,0.9749767843852783,49.79767203683723
74,18,patch,80.0,opm_dense,2,False,83.1854979859348,3.076764432357644,0.0,52.02107073790668,52.58038340020728,2.2420269862282596,9.733886067991724,4482.467337415514,1.0947964984012464,49.79767203683723
75,18,patch,320.0,squid,2,True,68.77299264057503,3.359776476007361,0.0,6.373657101464557,7.6826273848827915,2.2420269862282596,9.451295727697815,7136.997340574682,1.0800721127451174,49.79767203683723
75,18,patch,320.0,opm_matched,2,True,50.41323751890851,5.08264215586924,0.0,6.7308547848480185,7.6439892349972025,2.2420269862282596,31.98300561649977,7218.696068168547,0.9064871969985641,49.79767203683723
75,18,patch,320.0,opm_dense,2,True,40.86664652799318,5.688542800671786,0.0,9.11332911614673,9.976782413294092,2.2420269862282596,19.059927953303852,6055.5369378460755,0.9940959394487355,49.79767203683723
76,19,focal,80.0,squid,3,False,68.99774489752795,3.015730576680929,nan,49.696311576387835,47.246090158455736,3.00318147971578,3.1128009936316836,29123.33016319015,0.8838437650662647,49.48226912167679
76,19,focal,80.0,opm_matched,3,False,38.06947248983664,3.365991880707779,nan,63.67175227832984,63.53917202526159,3.00318147971578,14.654348626382546,20269.442915522264,1.0316104324094484,49.48226912167679
76,19,focal,80.0,opm_dense,3,False,69.57470544264004,3.432456613461326,nan,39.22783270552946,42.092334038764974,3.00318147971578,10.129934840115348,14295.525052033492,0.96317369069385,49.48226912167679
77,19,focal,320.0,squid,3,False,49.37391720328155,3.0384253971925292,nan,49.53786895749627,48.6770096285637,3.00318147971578,4.337878066141706,47692.357200726176,1.0047995509305327,49.48226912167679
77,19,focal,320.0,opm_matched,3,False,40.04339259660832,3.525672852978444,nan,46.541329862784835,43.921711694222424,3.00318147971578,15.951833157298449,58408.474080995125,1.0195975661563792,49.48226912167679
77,19,focal,320.0,opm_dense,3,True,45.80971901184879,3.707981842593809,nan,55.174066865615565,56.55714622467154,3.00318147971578,11.135109336395349,3747.5209179263047,0.9141006975936518,49.48226912167679
78,19,patch,80.0,squid,3,False,42.67683125767117,3.53578954920624,0.0,68.83438198325031,69.58880435471255,3.00318147971578,3.2113626170298337,160976.98966601424,1.081061794792359,49.48226912167679
78,19,patch,80.0,opm_matched,3,False,70.97130412022669,3.3403270059003276,0.0,81.32012777291854,84.13093626651418,3.00318147971578,15.050532614949258,10882.235317070008,0.8551972398317698,49.48226912167679
78,19,patch,80.0,opm_dense,3,False,93.09983483586919,3.4820683384090514,0.0,94.34718088026955,95.02895526973288,3.00318147971578,9.27897772825859,6402.149923003386,0.9417878291578715,49.48226912167679
79,19,patch,320.0,squid,3,True,3.8923390082520206,4.1612896834140916,0.36363636363636365,9.20165610734761,6.361195214831874,3.00318147971578,15.177847318613386,4532.950240745447,0.9208051718368234,49.48226912167679
79,19,patch,320.0,opm_matched,3,True,6.211304949657445,5.59300082218434,0.6363636363636364,14.180466690752468,13.041031352288895,3.00318147971578,36.279840857290615,4333.138985751825,0.8870634074221347,49.48226912167679
79,19,patch,320.0,opm_dense,3,True,6.211304949657445,5.456226973488087,0.45454545454545453,12.130054774262685,11.12344355552578,3.00318147971578,21.365608331198597,4236.774449795294,1.055134383520316,49.48226912167679
80,20,focal,80.0,squid,4,False,38.334653572072085,3.5371076419471033,nan,44.22506235785422,42.754189104514694,2.7460522196960384,4.86969452322495,27039.786024313176,1.0418191434156867,53.28895152381427
80,20,focal,80.0,opm_matched,4,False,56.214740898032765,3.3251226034832455,nan,49.94943543351357,48.59164204686211,2.7460522196960384,17.32610815988344,30373.693111767258,0.9050610451329517,53.28895152381427
80,20,focal,80.0,opm_dense,4,False,43.08220494743419,3.8194471056676305,nan,51.64943726585768,50.21915303098134,2.7460522196960384,9.0272757884571,8792.670176241276,1.0065922961757483,53.28895152381427
81,20,focal,320.0,squid,4,True,35.57314504605761,3.5499933737671414,nan,10.246858736802428,10.77485576458009,2.7460522196960384,16.486884945456904,4047.9808895272563,1.11219247518484,53.28895152381427
81,20,focal,320.0,opm_matched,4,True,15.702928817807168,4.820702924653935,nan,9.282686505056457,9.92853395783747,2.7460522196960384,34.140055310796456,4204.604631509928,1.2830401669557605,53.28895152381427
81,20,focal,320.0,opm_dense,4,True,15.702928817807168,5.043718762738308,nan,10.695868532698688,12.002793361844015,2.7460522196960384,21.856034523302775,4457.640442783823,1.2163210947178127,53.28895152381427
82,20,patch,80.0,squid,4,False,30.016730851764503,3.1340665526190956,0.0,23.846612326990478,23.564624768564467,2.7460522196960384,2.7590212009260364,211455.61390898324,0.9498288651625874,53.28895152381427
82,20,patch,80.0,opm_matched,4,False,67.61536364338657,3.0971643130213637,0.0,27.461841614119006,27.716670865502753,2.7460522196960384,13.549224362298517,135294.03909754436,0.802887624670102,53.28895152381427
82,20,patch,80.0,opm_dense,4,False,53.70731234345946,3.353180837330516,0.0,16.175850422074834,15.144653502088687,2.7460522196960384,6.976384474188537,104151.6429276127,0.9317408760963795,53.28895152381427
83,20,patch,320.0,squid,4,True,31.26617099293745,3.1479114426921795,0.0,33.11105794816116,30.58675583569939,2.7460522196960384,13.719479882275747,7336.680560854933,1.0152722734378192,53.28895152381427
83,20,patch,320.0,opm_matched,4,True,30.016730851764503,4.2576725230738415,0.0,38.57643232395902,35.98898500771074,2.7460522196960384,33.627681314785974,7168.314381951185,0.8397773724461587,53.28895152381427
83,20,patch,320.0,opm_dense,4,True,22.82432436937722,4.082691025014667,0.0,39.35644761405733,36.82229246074416,2.7460522196960384,21.808747755489357,6204.266792809836,0.9136019436937328,53.28895152381427
84,21,focal,80.0,squid,5,False,87.58281373867302,2.964320500977283,nan,29.02360919305768,30.757369579756844,1.8933496743171538,4.525393487163522,58957.30925298189,0.9037808112621277,47.78055836295692
84,21,focal,80.0,opm_matched,5,False,40.224538270237844,3.2617380877123225,nan,40.53013118062127,40.282306838501825,1.8933496743171538,15.10971906099456,295596.64470606134,0.7979886894586717,47.78055836295692
84,21,focal,80.0,opm_dense,5,False,16.908463946590988,4.090732062525225,nan,23.753423405693937,23.727510675131555,1.8933496743171538,9.337861271750603,132127.514190533,1.0335194279630693,47.78055836295692
85,21,focal,320.0,squid,5,True,11.110745519102812,5.557710754428609,nan,11.619007326687889,11.767349807182061,1.8933496743171538,23.093636325677018,3581.348246644858,0.9884811736060581,47.78055836295692
85,21,focal,320.0,opm_matched,5,True,11.110745519102812,7.91086401134764,nan,9.901482524041533,10.016322781339536,1.8933496743171538,51.42245504812893,4146.937573216722,0.8965246688137173,47.78055836295692
85,21,focal,320.0,opm_dense,5,True,11.110745519102812,8.691263017523912,nan,9.872060081829638,10.327124099733934,1.8933496743171538,40.11833464422869,2299.6256539957235,0.9959530527405597,47.78055836295692
86,21,patch,80.0,squid,5,False,79.23140247347261,3.2005668416855295,0.0,79.8108324530921,80.97759562809605,1.8933496743171538,8.919542595912144,5664.930253571663,0.7713670039904145,47.78055836295692
86,21,patch,80.0,opm_matched,5,False,84.20420312405668,3.0877039861337106,0.0,88.90132387767683,89.3593768099885,1.8933496743171538,15.253407165188962,57233.34995682535,0.6946613241326182,47.78055836295692
86,21,patch,80.0,opm_dense,5,False,73.72593609756045,3.213077885920175,0.0,79.05215594486162,80.25790159259864,1.8933496743171538,8.499329307853898,7618.407002621994,0.9622755490622779,47.78055836295692
87,21,patch,320.0,squid,5,True,4.305581424373669,4.052237788613521,0.3333333333333333,14.332513106073375,12.63611055841466,1.8933496743171538,18.595711352226264,12130.033364530802,0.8727206943797873,47.78055836295692
87,21,patch,320.0,opm_matched,5,True,11.334582200646718,5.261059373421934,0.3333333333333333,3.269397676450084,2.7732211543738816,1.8933496743171538,40.03480499500526,22340.121028234058,0.683717548551097,47.78055836295692
87,21,patch,320.0,opm_dense,5,True,11.110745519102812,6.2679467707629515,0.2222222222222222,5.968972756678752,5.60544670827701,1.8933496743171538,33.91979572547324,7669.895000900137,0.7871823021149945,47.78055836295692
88,22,focal,80.0,squid,6,False,14.805997680527758,3.9045311804745775,nan,26.34251606828944,27.945214304138545,1.8638287959635647,7.086252448839696,13347.561491178936,0.9584940279299294,61.66051611340097
88,22,focal,80.0,opm_matched,6,False,51.72074357646656,4.48914219384102,nan,57.48877969454789,58.44368724321477,1.8638287959635647,23.368081537761288,1062629.9644160678,0.9877046430879263,61.66051611340097
88,22,focal,80.0,opm_dense,6,False,60.10828740350679,3.761040272034493,nan,55.472577506949364,53.874023746418665,1.8638287959635647,6.880513217835244,23075.25725094308,0.9521034295462316,61.66051611340097
89,22,focal,320.0,squid,6,True,76.64792330611512,3.534347934104666,nan,31.19766573453604,29.433594381611783,1.8638287959635647,6.197341118328496,17522.97609665698,0.8701059658880671,61.66051611340097
89,22,focal,320.0,opm_matched,6,True,16.041629368132817,4.075962540727297,nan,47.42455140031545,48.614538211087364,1.8638287959635647,23.660005307501716,6349.902594874868,0.9982503820908094,61.66051611340097
89,22,focal,320.0,opm_dense,6,True,20.997560739806822,5.056340762422305,nan,42.315257945546364,42.02750015206148,1.8638287959635647,21.163161864266243,7534.76012213793,1.1050986052283889,61.66051611340097
90,22,patch,80.0,squid,6,False,45.39403606020719,3.6377247073449164,0.0,70.32181605042676,68.68917849327285,1.8638287959635647,4.565372551935658,11883.907199128727,1.0039086048767505,61.66051611340097
90,22,patch,80.0,opm_matched,6,False,58.3275933219134,3.3344267824182596,0.1111111111111111,59.67145384324552,58.21102731090861,1.8638287959635647,16.25356149449351,13493.003140592147,0.8893564931968597,61.66051611340097
90,22,patch,80.0,opm_dense,6,False,62.92213045841174,3.2674297869423206,0.0,65.17854373060011,63.716608223150544,1.8638287959635647,8.1910895259797,8834.546376509994,0.9795707028280501,61.66051611340097
91,22,patch,320.0,squid,6,False,36.911538807429615,3.9793280470090533,0.0,53.06858025901829,54.74774596092432,1.8638287959635647,5.342912816452961,20278.266638119712,1.0614760520163862,61.66051611340097
91,22,patch,320.0,opm_matched,6,True,32.974285042874584,3.71282052385867,0.0,35.87653349875518,37.27751453148002,1.8638287959635647,19.051565987207354,15819.48341673374,1.085179041550912,61.66051611340097
91,22,patch,320.0,opm_dense,6,True,36.911538807429615,3.8436648766266295,0.0,32.630999746016556,33.470265049881775,1.8638287959635647,13.245327053766134,15757.39568692095,0.8640569746406985,61.66051611340097
92,23,focal,80.0,squid,7,False,55.888648652404484,3.148762311323134,nan,43.43079629196389,44.777998557170854,3.0422062487846397,5.554627910354255,26169.39580444007,1.0017120714683088,62.46725107366197
92,23,focal,80.0,opm_matched,7,False,42.12179985984543,3.5484388854286615,nan,36.34827186917356,38.394845207726895,3.0422062487846397,24.780364033143705,21687.714842573903,0.6994598819866036,62.46725107366197
92,23,focal,80.0,opm_dense,7,False,40.27384199244996,3.41526318502177,nan,37.01832184838748,39.05042355071835,3.0422062487846397,14.537794362622583,14397.19328902404,0.855777443222053,62.46725107366197
93,23,focal,320.0,squid,7,False,25.244129171770997,3.6590041677516116,nan,40.60248611526641,41.347602119947226,3.0422062487846397,7.261188412735982,8130.138696665757,0.9600475685219939,62.46725107366197
93,23,focal,320.0,opm_matched,7,True,50.41045843134006,4.387550205346709,nan,41.065410825508216,42.04912903842241,3.0422062487846397,24.507903986241146,6848.274618898007,1.0203423269234493,62.46725107366197
93,23,focal,320.0,opm_dense,7,True,50.41045843134006,3.832092369519358,nan,35.68691261451071,36.24918204370088,3.0422062487846397,14.177033197542551,5542.614208645172,1.101854057467432,62.46725107366197
94,23,patch,80.0,squid,7,False,69.7233352941796,3.35306234518891,0.0,76.02902673122314,77.44849247064568,3.0422062487846397,3.5617507634661845,25770.586590483334,0.9147503817021351,62.46725107366197
94,23,patch,80.0,opm_matched,7,False,49.840205624862755,3.2471223911630736,0.0,74.03514604695927,74.86796518159616,3.0422062487846397,12.453482003714809,14821.664195345817,0.8774922256852573,62.46725107366197
94,23,patch,80.0,opm_dense,7,False,64.77270996451054,3.5914519569241543,0.0,60.49118350538537,61.93107135598419,3.0422062487846397,10.576612257566564,1994.0705248289948,1.0396930569965017,62.46725107366197
95,23,patch,320.0,squid,7,False,45.2715068613665,4.968299282568419,0.0,34.06680435541737,35.31160552652868,3.0422062487846397,5.772846899445873,48731.46200310459,0.956906456067471,62.46725107366197
95,23,patch,320.0,opm_matched,7,False,33.141480525094764,4.049303976104697,0.0,59.70124623465693,57.550788567523,3.0422062487846397,27.800729733129696,34532.864776252354,0.8368363788117531,62.46725107366197
95,23,patch,320.0,opm_dense,7,True,25.902000938679645,4.230069395842344,0.0,61.85121076012485,59.81017672641103,3.0422062487846397,21.888986351723954,4641.345847138615,0.8971835270924398,62.46725107366197
