patch_radius_mm,depth_mm,signal_OPM_pT,signal_SQUID_pT,SNR_OPM,SNR_SQUID
0,15,4.700731785,0.885502033,4.419080292,2.497337496
0,15.8,4.214630575,0.8394769179,3.962104575,2.367535145
0,16.6,3.797930647,0.7966796002,3.570371857,2.246835991
0,17.4,3.438152227,0.756819978,3.232150108,2.134421874
0,18.2,3.125480281,0.7196391538,2.938212377,2.029562639
0,19,2.852020456,0.6849019559,2.681137314,1.931595041
0,19.8,2.61155033,0.6524022606,2.455075321,1.839937761
0,20.6,2.399007874,0.6219547423,2.25526767,1.754068134
0,21.4,2.210271323,0.5933900309,2.077839555,1.673508495
0,22.2,2.041914119,0.5665583479,1.91956973,1.597836429
0,23,1.891139464,0.5413237668,1.777828968,1.52666859
0,23.8,1.755601051,0.5175636593,1.650411545,1.459659137
0,24.6,1.633335181,0.4951653531,1.535471419,1.396490304
0,25.4,1.522666682,0.474028244,1.431433792,1.336878363
0,26.2,1.422191615,0.4540602101,1.336978841,1.280563507
0,27,1.330706582,0.4351773832,1.250975274,1.227309205
0,27.8,1.247179838,0.4173035249,1.172453162,1.176900449
0,28.6,1.17072273,0.400367973,1.100577098,1.129137951
0,29.4,1.100566697,0.3843069682,1.03462457,1.083841896
0,30.2,1.03604433,0.3690617909,0.9739681583,1.040846677
0,31,0.976573954,0.3545784758,0.9180610405,1.000000102
0,31.8,0.9216463951,0.3408074106,0.8664245498,0.961162249
0,32.6,0.8708150267,0.3277029124,0.8186388201,0.9242042824
0,33.4,0.8236862562,0.3152228989,0.7743338416,0.8890075186
0,34.2,0.7799124697,0.3033284451,0.7331828281,0.8554621801
0,35,0.7391855273,0.2919836278,0.6948961024,0.8234669543
0,35.8,0.7012318141,0.2811551524,0.6592164436,0.7929279418
0,36.6,0.6658072983,0.2708122553,0.6259144416,0.7637583817
0,37.4,0.6326941914,0.260926229,0.5947853568,0.7358773115
0,38.2,0.6016969639,0.2514706985,0.5656453753,0.7092103475
0,39,0.5726415099,0.242420909,0.538330823,0.6836876747
0,39.8,0.545369774,0.2337538871,0.5126931147,0.6592445025
0,40.6,0.5197397271,0.2254482208,0.488598731,0.6358204435
0,41.4,0.4956228778,0.2174839253,0.4659268794,0.6133591355
0,42.2,0.4729036351,0.209842479,0.4445688947,0.5918083432
0,43,0.4514764134,0.2025064152,0.4244255176,0.5711188061
0,43.8,0.4312452909,0.19545945,0.4054065736,0.5512445995
0,44.6,0.4121235856,0.1886864039,0.3874305743,0.5321429134
0,45.4,0.3940315212,0.1821729951,0.3704225234,0.5137734691
0,46.2,0.3768968462,0.1759057881,0.3543144985,0.4960983759
0,47,0.3606529627,0.1698723089,0.339043892,0.4790824537
0,47.8,0.3452392769,0.164060685,0.3245537407,0.4626922186
0,48.6,0.3305998373,0.1584599129,0.3107914454,0.4468966389
0,49.4,0.3166834227,0.1530594984,0.2977088538,0.4316661173
0,50.2,0.3034429754,0.147849657,0.2852617281,0.4169730599
0,51,0.2908348747,0.1428211096,0.2734090609,0.402791297
0,51.8,0.2788190559,0.13796513,0.2621131882,0.3890962182
0,52.6,0.2673584588,0.1332735225,0.2513392702,0.3758647101
0,53.4,0.2564188189,0.1287384603,0.2410550955,0.3630746991
0,54.2,0.2459683624,0.1243526037,0.231230794,0.350705485
0,55,0.2359776689,0.1201090102,0.221838708,0.3387374887
0,55.8,0.2264193404,0.1160010828,0.2128530813,0.3271521045
0,56.6,0.2172679495,0.1120226047,0.2042500099,0.3159317999
0,57.4,0.2084998974,0.1081676374,0.196007309,0.3050598267
0,58.2,0.2000931223,0.1044305706,0.1881042386,0.2945203624
0,59,0.1920270742,0.1008060856,0.1805214801,0.2842984071
0,59.8,0.1842825402,0.09728911827,0.1732409716,0.2743796784
0,60.6,0.1768415878,0.09387485295,0.1662458551,0.2647505952
0,61.4,0.1696874195,0.09055870077,0.1595203397,0.2553982155
0,62.2,0.1628043503,0.08733630618,0.1530496801,0.2463102557
0,63,0.1561775714,0.0842035025,0.1468199548,0.2374749648
0,63.8,0.1497933003,0.08115632514,0.1408182069,0.2288811615
0,64.6,0.1436384733,0.07819097147,0.1350321557,0.2205181215
0,65.4,0.1377008949,0.07530383621,0.1294503364,0.2123756771
0,66.2,0.1319690005,0.07249144084,0.1240618771,0.2044440178
0,67,0.126431949,0.06975048086,0.1188565866,0.1967138242
0,67.8,0.1210794607,0.06707776641,0.1138248007,0.1891761001
0,68.6,0.1159018617,0.06447025693,0.1089574255,0.1818222704
0,69.4,0.1108899728,0.06192501714,0.1042458315,0.1746440567
0,70.2,0.1060350955,0.05943925258,0.09968184155,0.1676335781
0,71,0.1013290025,0.05701023927,0.09525772124,0.1607831523
0,71.8,0.09676385741,0.05463538319,0.09096610375,0.1540854634
0,72.6,0.09233223899,0.0523121687,0.08680001249,0.1475334167
0,73.4,0.08802706058,0.05003817302,0.08275278539,0.1411201794
0,74.2,0.0838415614,0.04781105645,0.07881806676,0.1348391529
0,75,0.07976929239,0.04562854951,0.07498979394,0.1286839367
0,75.8,0.07580410285,0.04348846088,0.07126218475,0.1226483509
0,76.6,0.0719400784,0.04138866523,0.06762967921,0.1167264012
0,77.4,0.0681715513,0.03932708882,0.06408694913,0.1109122395
0,78.2,0.06449309504,0.0373017312,0.06062889318,0.1052002237
0,79,0.06089946156,0.03531063618,0.05725057771,0.09958483717
0,79.8,0.05738559782,0.03335189389,0.05394725246,0.09406069335
0,80.6,0.05394664002,0.03142364411,0.05071434505,0.08862254607
0,81.4,0.05057786342,0.02952407385,0.04754741382,0.08326528221
0,82.2,0.04727468812,0.02765139775,0.0444421533,0.07798386663
0,83,0.04403268055,0.02580387339,0.04139439554,0.07277338524
0,83.8,0.04084750766,0.02397979029,0.03840006712,0.06762901406
0,84.6,0.03771496088,0.02217746329,0.03545521164,0.06254600055
0,85.4,0.03463091567,0.020395238,0.03255595169,0.05751967889
0,86.2,0.03159134014,0.01863148342,0.02969849696,0.05254544926
0,87,0.02859228665,0.01688458727,0.02687913632,0.04761876464
0,87.8,0.02562986325,0.01515296279,0.02409421102,0.04273514995
0,88.6,0.02270025081,0.01343503257,0.02134013077,0.03789015648
0,89.4,0.0197996762,0.01172924107,0.01861334849,0.03307939726
0,90.2,0.01692441526,0.01003404262,0.01591036318,0.02829851309
0,91,0.01407078234,0.008347904113,0.01322771002,0.02354318023
0,91.8,0.01123512431,0.006669300997,0.01056195475,0.01880909906
0,92.6,0.008413814504,0.004996716984,0.007909688013,0.01409199326
0,93.4,0.005603249073,0.003328642074,0.005267521885,0.009387604267
0,94.2,0.00279983748,0.001663570468,0.00263208096,0.004691685342
5,15,4.369091766,0.8686747243,4.107310989,2.449880272
5,15.8,3.941452498,0.8240747518,3.705294378,2.32409718
5,16.6,3.570906306,0.7825532829,3.356950025,2.206996239
5,17.4,3.247835479,0.7438337704,3.053236478,2.097797517
5,18.2,2.964642583,0.7076746515,2.787011514,1.995819746
5,19,2.715164126,0.6738588523,2.552480939,1.900450723
5,19.8,2.494300028,0.6421886838,2.344850249,1.811132917
5,20.6,2.297929575,0.6124898133,2.16024563,1.727374664
5,21.4,2.12263028,0.5846046638,1.995449659,1.648731559
5,22.2,1.965516761,0.5583888729,1.847749835,1.574796464
5,23,1.824207816,0.5337141349,1.71490763,1.505207523
5,23.8,1.696685905,0.5104634881,1.595026389,1.439634876
5,24.6,1.581245815,0.4885310948,1.486503068,1.377780034
5,25.4,1.476420829,0.4678194147,1.38795883,1.319367909
5,26.2,1.380972449,0.4482409383,1.298229385,1.264151703
5,27,1.293831334,0.4297153966,1.216309462,1.211905035
5,27.8,1.214074721,0.4121694087,1.141331588,1.162420955
5,28.6,1.140903171,0.3955358044,1.072544222,1.115510025
5,29.4,1.073621502,0.3797532185,1.009293837,1.070999181
5,30.2,1.011624536,0.3647646661,0.9510115138,1.028727709
5,31,0.954377633,0.3505184175,0.8971946458,0.9885497206
5,31.8,0.9014158043,0.3369666391,0.8474061056,0.9503303114
5,32.6,0.8523276066,0.3240652355,0.8012591019,0.9139451223
5,33.4,0.806748469,0.3117735095,0.7584109077,0.8792793767
5,34.2,0.7643578004,0.3000538502,0.7185601405,0.8462270023
5,35,0.7248679998,0.2888714646,0.6814364313,0.8146898746
5,35.8,0.6880236176,0.2781940253,0.6467996363,0.7845768216
5,36.6,0.6535964032,0.2679918455,0.6144351808,0.7558041197
5,37.4,0.6213819381,0.2582370733,0.5841508943,0.728293219
5,38.2,0.5911967056,0.2489039217,0.555774256,0.7019713943
5,39,0.5628752644,0.2399683961,0.529149737,0.6767709742
5,39.8,0.5362695898,0.2314081505,0.5041381819,0.6526289379
5,40.6,0.5112448314,0.2232022999,0.4806128199,0.629486384
5,41.4,0.4876792359,0.215331534,0.4584591929,0.6072888531
5,42.2,0.465462272,0.2077776365,0.4375733922,0.5859849704
5,43,0.4444941381,0.2005235856,0.4178615959,0.5655267301
5,43.8,0.4246831134,0.1935535955,0.3992375789,0.5458696125
5,44.6,0.4059464253,0.1868527485,0.3816235279,0.5269715459
5,45.4,0.3882077312,0.1804070602,0.3649476747,0.5087930905
5,46.2,0.3713978699,0.1742035285,0.3491450017,0.4912975774
5,47,0.3554529003,0.1682297982,0.3341553993,0.4744501619
5,47.8,0.3403146934,0.1624743895,0.3199242211,0.4582184683
5,48.6,0.3259293674,0.1569263872,0.3064008138,0.4425717123
5,49.4,0.3122476913,0.1515756238,0.2935388961,0.4274812194
5,50.2,0.2992242644,0.1464124228,0.2812957875,0.4129196995
5,51,0.2868169823,0.1414277314,0.2696319067,0.3988616213
5,51.8,0.2749871762,0.1366130003,0.2585109013,0.385282874
5,52.6,0.2636990194,0.1319601039,0.2478990916,0.3721605409
5,53.4,0.2529193214,0.1274614195,0.2377652756,0.3594731242
5,54.2,0.2426173149,0.1231097174,0.2280805295,0.3472002345
5,55,0.2327644394,0.1188981636,0.2188180041,0.3353225978
5,55.8,0.2233341534,0.1148202536,0.209952748,0.3238218705
5,56.6,0.2143017613,0.110869855,0.2014615454,0.3126807571
5,57.4,0.2056442616,0.1070411379,0.1933227729,0.301882816
5,58.2,0.1973402057,0.1033285669,0.1855162672,0.291412436
5,59,0.1893695665,0.09972688099,0.178023201,0.2812547798
5,59.8,0.1817136257,0.09623107742,0.1708259775,0.2713957383
5,60.6,0.1743548592,0.09283639308,0.1639081227,0.2618218783
5,61.4,0.1672769012,0.08953828659,0.1572542513,0.252520392
5,62.2,0.1604643336,0.08633244099,0.1508498691,0.2434791045
5,63,0.1539027511,0.08321472135,0.1446814337,0.2346863543
5,63.8,0.1475785524,0.0801811811,0.138736159,0.2261310111
5,64.6,0.1414789943,0.07722804356,0.1330020652,0.2178024237
5,65.4,0.1355920219,0.07435170285,0.1274678197,0.2096904225
5,66.2,0.129906299,0.07154868791,0.1221227656,0.2017852184
5,67,0.1244111092,0.06881568263,0.1169568284,0.1940774591
5,67.8,0.1190963123,0.06614948579,0.1119604756,0.1865581163
5,68.6,0.1139523095,0.06354702802,0.1071246836,0.1792185336
5,69.4,0.1089699918,0.06100534819,0.102440889,0.17205036
5,70.2,0.1041407078,0.05852158268,0.09790095894,0.1650455192
5,71,0.09945622435,0.05609296771,0.09349715343,0.1581962168
5,71.8,0.09490868657,0.0537168236,0.08922208829,0.1514948953
5,72.6,0.09049058986,0.0513905465,0.08506870856,0.1449342113
5,73.4,0.08619475418,0.04911160144,0.08103026441,0.1385070155
5,74.2,0.08201427593,0.04687751204,0.07710026587,0.1322063239
5,75,0.07794250801,0.04468585266,0.07327246412,0.1260252955
5,75.8,0.07397303144,0.04253423635,0.06954082477,0.1199571987
5,76.6,0.07009961751,0.04042030557,0.06589949233,0.1139953845
5,77.4,0.06631619833,0.03834171699,0.06234276246,0.1081332441
5,78.2,0.06261682672,0.03629613154,0.05886504432,0.1023641809
5,79,0.05899564391,0.0342811923,0.0554608302,0.09668154761
5,79.8,0.05544682902,0.03229450494,0.05212464794,0.09107859171
5,80.6,0.05196455337,0.03033361438,0.04885101813,0.08554838923
5,81.4,0.04854290827,0.02839596932,0.0456343861,0.08008374491
5,82.2,0.04517582947,0.02647887831,0.04246905095,0.07467706815
5,83,0.04185699658,0.02457945543,0.03934907098,0.06932021993
5,83.8,0.03857969001,0.02269454063,0.03626812922,0.06400428816
5,84.6,0.03533661075,0.0208205942,0.03321936398,0.05871928991
5,85.4,0.03211961758,0.01895354445,0.03019512185,0.05345374203
5,86.2,0.02891936235,0.01708857508,0.02718661477,0.04819406136
5,87,0.02572476226,0.01521981375,0.02418342401,0.04292368641
5,87.8,0.02252224202,0.01333988552,0.02117278764,0.03762181798
5,88.6,0.01929466854,0.01143928656,0.01813859913,0.03226165293
5,89.4,0.01602001219,0.00950559751,0.0150601488,0.02680816554
5,90.2,0.01267038047,0.007522934912,0.01191121535,0.02121656048
5,91,0.009215137026,0.00547386351,0.008662998078,0.01543766596
5,91.8,0.005647334744,0.003355249068,0.005308966095,0.009462642654
5,92.6,,,,
5,93.4,,,,
5,94.2,,,,
10,15,3.648910864,0.8226819108,3.430280821,2.320169019
10,15.8,3.333928369,0.7818490946,3.134170981,2.205010251
10,16.6,3.055008536,0.7437024742,2.871963054,2.097427229
10,17.4,2.807060943,0.7080181704,2.638871618,1.996788555
10,18.2,2.585843734,0.6745943507,2.430908974,1.902525013
10,19,2.387830795,0.6432461088,2.244760282,1.81411512
10,19.8,2.209989295,0.6138097711,2.077574426,1.731097276
10,20.6,2.049783593,0.5861367092,1.926967692,1.653052311
10,21.4,1.905047923,0.5600903344,1.79090408,1.579595011
10,22.2,1.773907951,0.5355488071,1.667621559,1.510381758
10,23,1.654782957,0.5124010795,1.55563412,1.445099369
10,23.8,1.546286281,0.4905445566,1.453638187,1.383458501
10,24.6,1.447234689,0.469887138,1.360521422,1.325199407
10,25.4,1.356597116,0.4503442523,1.275314537,1.270083575
10,26.2,1.273477658,0.4318384987,1.197175308,1.217892715
10,27,1.197086089,0.414299218,1.125360856,1.168427551
10,27.8,1.126738378,0.3976607885,1.059228135,1.121503013
10,28.6,1.061830937,0.3818637329,0.9982097213,1.07695136
10,29.4,1.001831874,0.3668530744,0.9418055939,1.034617544
10,30.2,0.9462712984,0.3525781725,0.8895740146,0.9943587455
10,31,0.8947329887,0.3389923231,0.8411237011,0.9560432476
10,31.8,0.8468473713,0.3260524009,0.7961072233,0.9195494264
10,32.6,0.8022854576,0.313718537,0.7542153044,0.8847648415
10,33.4,0.7607537357,0.3019538321,0.7151720188,0.8515854273
10,34.2,0.7219897357,0.2907240976,0.6787306228,0.8199147636
10,35,0.6857582197,0.2799976173,0.6446699731,0.7896634029
10,35.8,0.6518479234,0.2697449412,0.6127914638,0.7607482885
10,36.6,0.6200687045,0.2599387009,0.5829163451,0.7330922351
10,37.4,0.5902491158,0.2505533531,0.5548834425,0.706623204
10,38.2,0.5622342368,0.2415653319,0.5285471175,0.681274733
10,39,0.5358835947,0.2329524378,0.5037753142,0.6569842149
10,39.8,0.5110707243,0.2246940336,0.4804491447,0.6336934466
10,40.6,0.4876798157,0.2167707829,0.4584597379,0.6113478955
10,41.4,0.4656055876,0.2091647742,0.4377081208,0.589897046
10,42.2,0.4447527772,0.2018590909,0.4181047382,0.5692931895
10,43,0.425033761,0.1948378894,0.3995672168,0.549491643
10,43.8,0.406368514,0.1880864498,0.3820203266,0.5304508924
10,44.6,0.388684235,0.1815908396,0.365395628,0.5121316449
10,45.4,0.3719135747,0.1753379811,0.3496298074,0.4944970179
10,46.2,0.3559952445,0.1693156855,0.3346652481,0.4775126362
10,47,0.3408724261,0.1635123621,0.3204485364,0.4611458109
10,47.8,0.326493121,0.1579172134,0.3069307891,0.4453660902
10,48.6,0.3128093922,0.1525199716,0.2940669418,0.4301445167
10,49.4,0.2997767409,0.1473110197,0.2818151616,0.415453968
10,50.2,0.2873542824,0.1422812834,0.2701370136,0.4012688519
10,51,0.275504117,0.1374221426,0.2589968689,0.3875648578
10,51.8,0.2641911296,0.1327254958,0.2483617164,0.3743191376
10,52.6,0.2533827484,0.1281836719,0.2382009358,0.3615100568
10,53.4,0.2430487318,0.1237894036,0.2284860975,0.3491171198
10,54.2,0.2331609626,0.1195358193,0.219190769,0.3371209466
10,55,0.2236932777,0.1154163721,0.2102903548,0.325503074
10,55.8,0.2146212964,0.1114248793,0.2017619351,0.3142460647
10,56.6,0.2059222791,0.1075554602,0.1935841326,0.3033333339
10,57.4,0.1975749877,0.1038025233,0.1857369819,0.2927491118
10,58.2,0.1895595639,0.1001607422,0.1782018143,0.282478377
10,59,0.1818574112,0.09662506401,0.1709611478,0.2725068791
10,59.8,0.1744511527,0.0931906501,0.1639986466,0.2628209718
10,60.6,0.1673244126,0.08985288977,0.1572989159,0.2534076517
10,61.4,0.160461883,0.08660737281,0.1508475652,0.2442544811
10,62.2,0.1538490976,0.08344989501,0.1446309949,0.235349603
10,63,0.1474724852,0.08037641425,0.138636447,0.2266816175
10,63.8,0.1413192388,0.07738305592,0.1328518817,0.2182395973
10,64.6,0.1353772379,0.07446610338,0.1272659049,0.2100130607
10,65.4,0.1296350471,0.07162198183,0.1218677661,0.2019919256
10,66.2,0.1240818261,0.06884723515,0.1166472748,0.1941664451
10,67,0.11870729,0.06613853575,0.1115947622,0.1865272344
10,67.8,0.1135016581,0.06349266167,0.1067010337,0.1790652069
10,68.6,0.1084556086,0.06090648011,0.1019573259,0.1717715272
10,69.4,0.1035602568,0.05837695022,0.09735528655,0.1646376194
10,70.2,0.0988070817,0.05590110441,0.09288690515,0.1576551142
10,71,0.09418790391,0.05347603514,0.08854449242,0.1508158115
10,71.8,0.0896948552,0.05109888587,0.08432065155,0.1441116552
10,72.6,0.08532032943,0.04876684117,0.08020823215,0.1375347052
10,73.4,0.08105693447,0.04647710506,0.07620028498,0.1310770759
10,74.2,0.07689747444,0.0442268908,0.07229004532,0.1247309081
10,75,0.07283489285,0.04201340694,0.06847087949,0.1184883293
10,75.8,0.06886223171,0.0398338304,0.06473624638,0.1123413776
10,76.6,0.06497258175,0.0376852928,0.06107965072,0.1062819635
10,77.4,0.06115903748,0.03556485133,0.05749460075,0.1003017875
10,78.2,0.05741462562,0.03346945805,0.05397454101,0.09439225372
10,79,0.05373224782,0.03139592968,0.05051279848,0.08854438443
10,79.8,0.05010459848,0.02934090649,0.04710250527,0.08274870438
10,80.6,0.04652407758,0.0273008016,0.04373651672,0.07699509767
10,81.4,0.04298268931,0.02527175056,0.04040731612,0.07127266559
10,82.2,0.03947192973,0.02324955032,0.03710690903,0.06556955446
10,83,0.03598267107,0.0212295955,0.03382671462,0.05987277602
10,83.8,0.03250505624,0.01920682691,0.03055746636,0.054168062
10,84.6,0.02902845148,0.01717571623,0.02728916766,0.04843982123
10,85.4,0.02554155874,0.01513035048,0.02401119741,0.04267137756
10,86.2,0.02203292509,0.01306476192,0.02071278888,0.03684590054
10,87,0.0184923945,0.01097383422,0.01738439457,0.03094896076
10,87.8,0.01491480826,0.008855563297,0.01402116484,0.02497490627
10,88.6,0.01130913869,0.006716568518,0.01063153445,0.01894240531
10,89.4,,,,
10,90.2,,,,
10,91,,,,
10,91.8,,,,
10,92.6,,,,
10,93.4,,,,
10,94.2,,,,
15,15,2.923574605,0.7581049312,2.748404187,2.138045764
15,15.8,2.703247478,0.7222341531,2.541278295,2.036881187
15,16.6,2.50445573,0.6885722069,2.354397456,1.941946068
15,17.4,2.324652703,0.6569494346,2.185367601,1.852761931
15,18.2,2.161616796,0.6272083364,2.032100239,1.768884585
15,19,2.013431404,0.5992079737,1.892793599,1.68991655
15,19.8,1.878455608,0.5728200993,1.765905083,1.615496136
15,20.6,1.755241098,0.5479258093,1.650073158,1.545288004
15,21.4,1.642527213,0.5244184018,1.544112697,1.478991227
15,22.2,1.539221731,0.5022001732,1.44699692,1.416330258
15,23,1.444351633,0.4811803884,1.357811108,1.357049201
15,23.8,1.357070201,0.4612770821,1.275759277,1.300916893
15,24.6,1.276630141,0.442414687,1.200138905,1.247720215
15,25.4,1.202362966,0.4245237325,1.13032156,1.197263243
15,26.2,1.133683601,0.4075404841,1.065757224,1.149366229
15,27,1.070071303,0.3914055536,1.005956354,1.103861684
15,27.8,1.011057942,0.3760648693,0.9504788678,1.060597112
15,28.6,0.9562303729,0.3614682781,0.898936376,1.01943107
15,29.4,0.9052179272,0.3475694092,0.8509804185,0.9802327785
15,30.2,0.8576886005,0.3343253543,0.8062988838,0.942881227
15,31,0.8133444224,0.3216963611,0.7646116545,0.9072643033
15,31.8,0.7719175213,0.3096455701,0.7256669092,0.8732780546
15,32.6,0.7331666637,0.2981387584,0.6892378682,0.8408259641
15,33.4,0.6968742097,0.2871441358,0.6551199318,0.8098183748
15,34.2,0.6628434873,0.2766321271,0.6231282118,0.7801718776
15,35,0.630896473,0.2665751974,0.5930953514,0.7518088172
15,35.8,0.6008717489,0.256947692,0.5648696043,0.7246568409
15,36.6,0.572622722,0.2477256187,0.5383131609,0.6986482847
15,37.4,0.5460160724,0.2388867743,0.5133006892,0.67372053
15,38.2,0.5209303417,0.2304102218,0.4897180081,0.6498145289
15,39,0.4972545742,0.2222764313,0.4674608102,0.6268752029
15,39.8,0.474888059,0.2144670861,0.4464344188,0.6048508934
15,40.6,0.453737951,0.2069651759,0.4265515517,0.5836936281
15,41.4,0.4337193235,0.1997545993,0.4077323707,0.5633579963
15,42.2,0.41475476,0.1928202641,0.3899040979,0.5438014342
15,43,0.3967725061,0.1861481112,0.372999278,0.524984292
15,43.8,0.3797071873,0.1797247789,0.3569564537,0.5068688865
15,44.6,0.363498062,0.1735378363,0.3417185228,0.4894201589
15,45.4,0.3480896314,0.1675754569,0.3272333118,0.4726047556
15,46.2,0.3334302393,0.1618266159,0.3134522595,0.4563915845
15,47,0.3194724507,0.1562808108,0.300330773,0.440751025
15,47.8,0.3061723628,0.1509282123,0.2878275801,0.4256553569
15,48.6,0.2934891071,0.1457595284,0.2759042609,0.4110783738
15,49.4,0.2813849926,0.1407659232,0.2645253829,0.3969951566
15,50.2,0.2698249698,0.1359390977,0.2536579964,0.3833822999
15,51,0.2587764768,0.1312711764,0.2432714907,0.3702175927
15,51.8,0.2482092153,0.1267547001,0.2333373827,0.3574799986
15,52.6,0.2380949753,0.1223825946,0.2238291528,0.345149566
15,53.4,0.2284074602,0.1181481491,0.2147220799,0.3332073693
15,54.2,0.2191221263,0.1140449892,0.2059930909,0.3216354308
15,55,0.210216043,0.1100670553,0.1976206291,0.3104166609
15,55.8,0.2016677515,0.1062085825,0.1895845215,0.2995348013
15,56.6,0.193457216,0.1024640803,0.1818659328,0.2889743673
15,57.4,0.1855655757,0.09882831096,0.1744471321,0.2787205873
15,58.2,0.17797521,0.09529627246,0.1673115546,0.2687593541
15,59,0.1706694915,0.09186320112,0.1604435694,0.2590772332
15,59.8,0.163632844,0.0885245212,0.1538285334,0.2496613197
15,60.6,0.1568505383,0.0852758509,0.1474525998,0.2404992559
15,61.4,0.1503087242,0.08211300003,0.1413027485,0.2315792243
15,62.2,0.1439943075,0.07903192304,0.1353666696,0.2228898156
15,63,0.1378949008,0.07602874103,0.1296327182,0.2144200902
15,63.8,0.1319987693,0.07309970815,0.1240898623,0.2061594839
15,64.6,0.1262947768,0.07024120682,0.1187276332,0.1980977943
15,65.4,0.1207723338,0.06744972734,0.1135360758,0.1902251231
15,66.2,0.1154213495,0.06472187118,0.1085057038,0.1825318856
15,67,0.1102321882,0.0620543268,0.103627459,0.1750087423
15,67.8,0.1051956306,0.05944386195,0.09889267441,0.1676465777
15,68.6,0.1003028278,0.05688731613,0.09429303136,0.1604364782
15,69.4,0.09554525077,0.05438157823,0.08982051178,0.1533696698
15,70.2,0.09091467087,0.05192358048,0.08546738012,0.1464375006
15,71,0.08640310647,0.04951028799,0.08122613295,0.1396314114
15,71.8,0.08200278834,0.04713867673,0.07708946658,0.1329428737
15,72.6,0.0777061167,0.04480572575,0.07305023655,0.1263633677
15,73.4,0.07350563134,0.0425083988,0.06910142966,0.1198843303
15,74.2,0.06939395347,0.04024362744,0.06523610922,0.1134971079
15,75,0.06536376097,0.03800829485,0.06144739184,0.1071929102
15,75.8,0.06140773389,0.03579921688,0.05772839614,0.1009627571
15,76.6,0.05751851523,0.03361312378,0.05407220592,0.09479742707
15,77.4,0.0536886702,0.03144664491,0.05047183188,0.08868741408
15,78.2,0.04991064401,0.02929629134,0.04692017188,0.08262287849
15,79,0.04617673955,0.02715845191,0.04340998998,0.07659363589
15,79.8,0.04247910656,0.02502939847,0.0399339063,0.07058917201
15,80.6,0.03880977507,0.02290531851,0.03648442838,0.06459873455
15,81.4,0.03516075976,0.02078239388,0.03305404937,0.05861155544
15,82.2,0.03152430163,0.01865696596,0.02963547516,0.05261731641
15,83,0.02789335285,0.01652585091,0.02622208019,0.04660703828
15,83.8,0.02426251743,0.01438693302,0.0228087918,0.04057475416
15,84.6,0.02062982626,0.01224026259,0.01939375885,0.03452060594
15,85.4,0.01700008733,0.01009008987,0.01598150124,0.02845658038
15,86.2,,,,
15,87,,,,
15,87.8,,,,
15,88.6,,,,
15,89.4,,,,
15,90.2,,,,
15,91,,,,
15,91.8,,,,
15,92.6,,,,
15,93.4,,,,
15,94.2,,,,
20,15,2.336573284,0.6860457762,2.196573942,1.934820901
20,15.8,2.18008388,0.6552839574,2.049460839,1.848064868
20,16.6,2.037087956,0.6262813743,1.915032734,1.76627032
20,17.4,1.906144216,0.5989137235,1.791934686,1.689086691
20,18.2,1.78599512,0.5730644893,1.678984506,1.616185377
20,19,1.675551342,0.5486292335,1.575158136,1.547271836
20,19.8,1.573846185,0.5255100401,1.479546797,1.482069921
20,20.6,1.480027568,0.5036182442,1.391349465,1.420329574
20,21.4,1.393349387,0.4828722729,1.30986474,1.361820739
20,22.2,1.313142597,0.4631959218,1.234463661,1.306328501
20,23,1.238812121,0.444519894,1.164586809,1.253657426
20,23.8,1.169832429,0.426779984,1.09974014,1.203626437
20,24.6,1.105727108,0.4099170325,1.039475787,1.15606869
20,25.4,1.046073622,0.393875691,0.9833965304,1.11082809
20,26.2,0.990492235,0.3786053355,0.9311453866,1.067761863
20,27,0.9386379973,0.3640588788,0.8823980744,1.026737212
20,27.8,0.8902032432,0.3501926284,0.8368653622,0.9876309137
20,28.6,0.844909139,0.3369660238,0.7942851231,0.9503285762
20,29.4,0.8025039614,0.3243413662,0.7544207162,0.9147238801
20,30.2,0.7627579646,0.312283592,0.7170561613,0.8807179371
20,31,0.7254645106,0.3007600636,0.6819972012,0.8482187011
20,31.8,0.6904352567,0.2897403659,0.6490667783,0.8171403939
20,32.6,0.6574988223,0.2791961365,0.6181037805,0.7874030262
20,33.4,0.6264990442,0.269100908,0.5889614013,0.7589319535
20,34.2,0.5972934503,0.2594299522,0.561505705,0.7316574365
20,35,0.5697518562,0.2501601514,0.5356143073,0.7055142765
20,35.8,0.5437551923,0.2412698247,0.5111752731,0.6804413287
20,36.6,0.519194201,0.2327388426,0.4880858909,0.6563818228
20,37.4,0.4959693164,0.22454817,0.4662525606,0.6332820749
20,38.2,0.4739884899,0.2166799997,0.4455887487,0.6110918641
20,39,0.4531672903,0.2091175995,0.426015083,0.5897640016
20,39.8,0.4334279358,0.2018453633,0.4074584419,0.5692544742
20,40.6,0.4146991635,0.1948484667,0.3898518325,0.5495214736
20,41.4,0.396914686,0.1881131122,0.3731329391,0.5305260871
20,42.2,0.3800138344,0.1816261777,0.3572447277,0.5122313072
20,43,0.3639400494,0.1753754241,0.3421340279,0.4946026166
20,43.8,0.3486414319,0.1693491999,0.3277520503,0.4776071551
20,44.6,0.3340695286,0.1635366181,0.3140532448,0.4612142188
20,45.4,0.320179683,0.157927304,0.3009956304,0.4453945482
20,46.2,0.3069304201,0.1525115228,0.2885402172,0.430120689
20,47,0.294283036,0.147280065,0.2766506204,0.4153666678
20,47.8,0.2822016998,0.142224165,0.2652931559,0.4011077636
20,48.6,0.2706530163,0.1373355719,0.2544364292,0.3873207068
20,49.4,0.2596058631,0.1326064497,0.244051183,0.373983398
20,50.2,0.2490312104,0.1280293671,0.2341101268,0.3610748787
20,51,0.2389019578,0.1235972674,0.2245877837,0.3485752475
20,51.8,0.2291927745,0.119303449,0.2154603409,0.3364656044
20,52.6,0.2198799483,0.1151415355,0.2067055068,0.3247279659
20,53.4,0.2109413419,0.1111054615,0.1983024706,0.3133452263
20,54.2,0.202356136,0.1071894391,0.1902316604,0.3023010625
20,55,0.1941047927,0.1033879715,0.1824747089,0.2915799718
20,55.8,0.1861690265,0.09969578901,0.1750144262,0.2811670926
20,56.6,0.1785315595,0.09610785501,0.1678345697,0.2710482202
20,57.4,0.171176186,0.09261937079,0.1609199045,0.261209821
20,58.2,0.1640876192,0.08922571303,0.15425606,0.2516388563
20,59,0.1572513982,0.08592246874,0.1478294416,0.2423228801
20,59.8,0.1506538935,0.08270537816,0.1416272364,0.233249879
20,60.6,0.1442821958,0.07957035656,0.1356373086,0.224408333
20,61.4,0.1381240701,0.0765134601,0.1298481564,0.2157871194
20,62.2,0.1321678952,0.07353088199,0.1242488548,0.2073755021
20,63,0.1264026407,0.07061893744,0.1188290343,0.1991630893
20,63.8,0.1208177819,0.06777405345,0.1135788008,0.1911398039
20,64.6,0.1154032689,0.06499275692,0.1084887065,0.1832958512
20,65.4,0.1101495006,0.0622716632,0.1035497257,0.1756216854
20,66.2,0.1050472681,0.05960746375,0.09875320129,0.1681079758
20,67,0.1000877068,0.05699692058,0.0940907996,0.1607455902
20,67.8,0.09526227993,0.05443684539,0.08955449557,0.1535255371
20,68.6,0.09056272728,0.0519240967,0.08513652376,0.1464389565
20,69.4,0.08598103973,0.04945556539,0.08082935499,0.13947708
20,70.2,0.08150941065,0.04702816328,0.07662565036,0.1326311981
20,71,0.07714021893,0.04463881207,0.07251824541,0.1258926293
20,71.8,0.0728659813,0.04228443524,0.06850010522,0.119252697
20,72.6,0.06867933327,0.03996194566,0.06456430658,0.1127026948
20,73.4,0.06457299584,0.03766824,0.0607040066,0.1062338704
20,74.2,0.06053975536,0.0354001944,0.05691242385,0.09983741375
20,75,0.0565724422,0.03315466307,0.0531828183,0.09350445304
20,75.8,0.05266393219,0.030928488,0.04950849261,0.08722608182
20,76.6,0.04880715819,0.02871851859,0.04588280308,0.08099341465
20,77.4,0.04499515587,0.02652165422,0.04229920269,0.07479770694
20,78.2,0.04122116073,0.02433491621,0.0387513322,0.06863055809
20,79,0.0374787847,0.02215557418,0.03523318632,0.06248426778
20,79.8,0.03376232275,0.01998134957,0.03173940184,0.05635240988
20,80.6,0.03006727599,0.01781075387,0.02826574943,0.05023078641
20,81.4,0.0263912244,0.01564363526,0.02480995406,0.04411896918
20,82.2,0.02273527661,0.01348206817,0.02137305794,0.03802280867
20,83,,,,
20,83.8,,,,
20,84.6,,,,
20,85.4,,,,
20,86.2,,,,
20,87,,,,
20,87.8,,,,
20,88.6,,,,
20,89.4,,,,
20,90.2,,,,
20,91,,,,
20,91.8,,,,
20,92.6,,,,
20,93.4,,,,
20,94.2,,,,
