# REPRO: Jas et al. 2026 Fig. 3, written by the preserved legacy replica (legacy/replicate_figure3.py, 7/7 checks against the published raster) and stamped by scripts/g1a_jas_benchmark.py | commit ed852b2
depth_mm,signal_OPM_pT,signal_SQUID_pT,SNR_OPM,SNR_SQUID
15,4.700750481,0.8855026729,4.419097868,2.497339301
15.8,4.214599534,0.8394761941,3.962075394,2.367533104
16.6,3.79792477,0.7966796155,3.570366332,2.246836035
17.4,3.438164119,0.7568205409,3.232161288,2.134423462
18.2,3.125466357,0.7196387353,2.938199288,2.029561459
19,2.852016918,0.6849020085,2.681133988,1.931595189
19.8,2.611554769,0.6524026254,2.455079494,1.83993879
20.6,2.399015144,0.6219543958,2.255274504,1.754067157
21.4,2.210267188,0.5933899654,2.077835668,1.67350831
22.2,2.041913605,0.5665585406,1.919569246,1.597836972
23,1.891141283,0.5413240369,1.777830678,1.526669352
23.8,1.755603989,0.5175634701,1.650414307,1.459658603
24.6,1.633332602,0.4951652802,1.535468995,1.396490098
25.4,1.52266511,0.4740282751,1.431432314,1.336878451
26.2,1.422190966,0.4540603087,1.336978232,1.280563785
27,1.330706594,0.435177532,1.250975285,1.227309625
27.8,1.247180249,0.4173033853,1.172453548,1.176900055
28.6,1.17072324,0.4003678471,1.100577576,1.129137596
29.4,1.100567289,0.3843068871,1.034625127,1.083841667
30.2,1.036044961,0.3690617452,0.9739687514,1.040846548
31,0.97657445,0.3545784397,0.9180615068,1
31.8,0.921646843,0.3408073722,0.8664249709,0.9611621409
32.6,0.8708153909,0.3277028926,0.8186391625,0.9242042263
33.4,0.8236865071,0.3152228743,0.7743340775,0.8890074494
34.2,0.7799126341,0.3033284056,0.7331829826,0.8554620688
35,0.7391855667,0.2919835999,0.6948961394,0.8234668756
35.8,0.7012317494,0.2811551382,0.6592163828,0.7929279015
36.6,0.6658071646,0.2708122247,0.6259143159,0.7637582953
37.4,0.6326939709,0.2609262629,0.5947851495,0.7358774073
38.2,0.6016971544,0.2514707337,0.5656455544,0.7092104468
39,0.5726415961,0.2424209318,0.5383309041,0.6836877392
39.8,0.5453697012,0.2337538812,0.5126930462,0.6592444858
40.6,0.5197396267,0.2254482096,0.4885986366,0.6358204119
41.4,0.4956229881,0.217483948,0.4659269831,0.6133591995
42.2,0.4729036209,0.2098424867,0.4445688813,0.5918083649
43,0.4514763147,0.2025064089,0.4244254247,0.5711187883
43.8,0.4312453172,0.1954594631,0.4054065982,0.5512446366
44.6,0.4121235353,0.1886864073,0.387430527,0.5321429229
45.4,0.3940315372,0.1821729845,0.3704225385,0.5137734393
46.2,0.3768968062,0.1759057976,0.3543144609,0.4960984026
47,0.3606529683,0.1698722985,0.3390438973,0.4790824244
47.8,0.3452392362,0.1640607016,0.3245537024,0.4626922655
48.6,0.3305998199,0.1584599068,0.310791429,0.4468966215
49.4,0.3166834496,0.1530594935,0.2977088792,0.4316661035
50.2,0.3034429421,0.1478496457,0.2852616968,0.4169730281
51,0.2908348528,0.1428211099,0.2734090403,0.4027912979
51.8,0.2788190587,0.1379651398,0.2621131908,0.3890962458
52.6,0.2673584588,0.1332735144,0.2513392702,0.3758646874
53.4,0.2564188348,0.128738459,0.2410551104,0.3630746954
54.2,0.2459683685,0.1243526101,0.2312307997,0.3507055032
55,0.2359776584,0.1201090178,0.2218386982,0.3387375101
55.8,0.2264193251,0.1160010878,0.2128530669,0.3271521185
56.6,0.2172679555,0.1120226011,0.2042500156,0.3159317899
57.4,0.2084999098,0.1081676343,0.1960073206,0.3050598181
58.2,0.2000931334,0.1044305711,0.188104249,0.2945203638
59,0.192027077,0.1008060869,0.1805214827,0.2842984107
59.8,0.1842825352,0.09728911764,0.1732409669,0.2743796767
60.6,0.1768415896,0.09387485201,0.1662458568,0.2647505925
61.4,0.1696874294,0.09055870139,0.1595203491,0.2553982173
62.2,0.1628043381,0.08733630795,0.1530496686,0.2463102607
63,0.1561775735,0.08420350246,0.1468199567,0.2374749647
63.8,0.1497933014,0.08115632018,0.140818208,0.2288811475
64.6,0.1436384724,0.07819097391,0.1350321549,0.2205181284
65.4,0.1377008918,0.07530383653,0.1294503335,0.212375678
66.2,0.1319690004,0.07249144367,0.1240618771,0.2044440258
67,0.1264319415,0.06975048044,0.1188565795,0.196713823
67.8,0.1210794582,0.06707776379,0.1138247983,0.1891760927
68.6,0.1159018639,0.06447025592,0.1089574275,0.1818222675
69.4,0.1108899666,0.06192502298,0.1042458256,0.1746440732
70.2,0.1060350928,0.05943924896,0.09968183898,0.1676335679
71,0.1013289997,0.05701023917,0.0952577186,0.160783152
71.8,0.09676386183,0.05463538367,0.09096610791,0.1540854647
72.6,0.09233223882,0.05231216846,0.08680001233,0.147533416
73.4,0.08802705685,0.0500381748,0.08275278188,0.1411201844
74.2,0.08384155814,0.04781105648,0.07881806369,0.134839153
75,0.07976929394,0.04562855023,0.07498979539,0.1286839388
75.8,0.07580410381,0.04348846052,0.07126218566,0.1226483498
76.6,0.07194007828,0.04138866223,0.06762967909,0.1167263928
77.4,0.06817155434,0.03932709149,0.06408695199,0.110912247
78.2,0.06449309022,0.03730173188,0.06062888864,0.1052002257
79,0.06089945837,0.03531063616,0.05725057472,0.0995848371
79.8,0.0573855975,0.03335189381,0.05394725216,0.09406069313
80.6,0.05394663984,0.0314236447,0.05071434488,0.08862254773
81.4,0.0505778635,0.02952407385,0.0475474139,0.08326528221
82.2,0.04727468924,0.02765139779,0.04444215434,0.07798386673
83,0.04403268065,0.02580387402,0.04139439563,0.07277338702
83.8,0.04084750989,0.02397979089,0.03840006922,0.06762901575
84.6,0.03771495969,0.0221774633,0.03545521053,0.06254600058
85.4,0.03463091621,0.02039523795,0.0325559522,0.05751967876
86.2,0.03159134059,0.01863148292,0.02969849738,0.05254544786
87,0.02859228631,0.01688458802,0.026879136,0.04761876676
87.8,0.02562986374,0.01515296222,0.02409421148,0.04273514834
88.6,0.02270025108,0.01343503292,0.02134013102,0.03789015747
89.4,0.01979967644,0.0117292412,0.01861334871,0.03307939763
90.2,0.0169244144,0.01003404266,0.01591036238,0.0282985132
91,0.01407078237,0.008347904082,0.01322771005,0.02354318014
91.8,0.01123512412,0.006669301129,0.01056195458,0.01880909943
92.6,0.008413814879,0.00499671686,0.007909688366,0.01409199291
93.4,0.005603249118,0.003328642038,0.005267521926,0.009387604164
94.2,0.002799837378,0.001663570472,0.002632080864,0.004691685354
